"name,age,street,city,state,zip,lng,lat"
"Jonathan Johnson,34,8121 Ryan Hills Suite 417,New Tonyview,Wyoming,99784,75.558819,85.296033"
"Robert Cohen,37,453 Cook Fort,Halltown,South Carolina,86517,-140.367059,-38.6603055"
"Connie Snyder,69,8763 Bishop Mountains,Hooverberg,Texas,21523,-13.631184,-52.754059"
"Jamie Sparks,38,49415 Smith Islands Suite 293,Lake Ralph,South Dakota,61877,-2.818236,-37.5425845"
"Dr. Joseph Larsen,46,7746 Alyssa Lodge,Port Austin,Vermont,72497,-53.987062,-33.243039"
"Melissa Rodriguez,36,0120 Hester Port,Alyssaton,Maryland,26849,-96.851772,-73.431284"
"Kayla King,44,4431 Kimberly Throughway,Kingland,Utah,34933,-102.560026,32.3841745"
"Heather Nash,35,02026 Hayden Station Apt. 086,West Richard,Vermont,26082,-71.402144,59.486187"
"Kiara Hunter,45,6601 Martinez Mountain,Weaverport,Tennessee,71014,-89.604678,57.8246725"
"Brenda Monroe,34,5679 Adams Path Apt. 619,North Michaelborough,Iowa,41652,107.177404,55.922283"
"Jonathan Lawson,58,78777 Mark Spring,Perezmouth,Oregon,98946,-164.563860,-76.4345565"
"Shannon Norton,62,73876 Michele Hill Apt. 855,Davidfurt,Rhode Island,43988,31.813711,-12.536834"
"James Peterson,78,638 Wilson Motorway Apt. 144,Kingland,Washington,10090,165.343492,-13.5573075"
"Destiny Pierce,21,4837 Sharon Harbors Apt. 045,Port Jeremy,Iowa,81361,-47.203871,-70.4326695"
"Lisa Baird,49,06866 Daniel Crossing,New Maryview,Mississippi,34663,85.766435,30.9350935"
"Mark Huffman,18,5817 Morris Radial Suite 332,West Karen,Kentucky,18136,-85.199775,-12.958250"
"Kathleen Bishop,77,3496 Williams Port,Melissaberg,Oregon,33446,-89.723416,-44.7945575"
"Brittany Long,37,8296 Miller Union,West Jesusmouth,Louisiana,60030,-147.705253,-1.369064"
"Drew Day,63,2883 Sharon Mountains,Connieburgh,Pennsylvania,06345,30.635044,66.2866615"
"Justin Ware,45,961 Duffy Tunnel Apt. 912,Montoyastad,Maine,24049,-4.159080,-2.190034"
"Brian Clark,48,70437 Nelson Mews,East Bonnieside,Alaska,85398,14.263972,87.648418"
"Tracy Patterson,41,673 Mills Knolls Suite 988,North Lori,Ohio,08355,-18.490229,-47.226368"
"Jim Briggs,77,12859 Jessica Brooks,Samuelchester,Colorado,20915,-108.700497,-49.073830"
"Lindsay Rodriguez,58,558 Brandi Mission,Danielleview,Alaska,41778,160.623182,24.8039095"
"Pamela Butler,21,870 Lori Estate,West Davidmouth,Idaho,94499,-173.672141,-2.545150"
"Eric Lewis,48,239 Jones Fall Suite 390,Christopherchester,California,95449,134.170256,36.0632405"
"Keith Rodriguez,67,8968 Kimberly Mountain,Allenmouth,Kansas,65694,98.050033,-24.804237"
"Timothy Diaz,46,95536 Arthur Freeway Apt. 642,Aliciahaven,Oklahoma,01054,-81.235929,-4.3116515"
"Christopher Charles DDS,68,3449 Benson Junction,East David,Maine,28960,-158.749374,4.1546125"
"Ryan Black,63,101 Kelly Ranch,Beardville,Delaware,31805,-97.139516,84.268199"
"Melissa Hill,37,5853 Ryan Loaf Suite 807,South Rachelview,Oklahoma,74763,-1.260741,-21.737101"
"Brittany Greene,57,9724 Johnston Junctions,Samanthaport,Wisconsin,26655,-165.792629,65.366231"
"Philip Acosta,36,847 Lawrence Unions,Stephensbury,Washington,60246,-10.217740,-10.604143"
"Jillian Thomas,59,61477 Watson Square,Timothyborough,Nevada,04154,158.231591,-57.225807"
"Leslie Spencer,54,70718 Valdez Green,Huntermouth,New York,30316,-72.949677,53.0561055"
"Monica Schwartz,76,24812 Cole Union Apt. 887,South Samuelchester,North Carolina,72930,175.130345,80.988552"
"Darrell Woodard,68,7644 Dominguez Underpass,North Jennifer,Michigan,56065,-24.655783,-58.6539665"
"Shawn Vargas,75,93214 David Inlet Suite 003,Kevinton,Oregon,32045,93.078400,-82.8380965"
"Jessica Robbins,21,67268 Victoria Lodge,Brendaton,Vermont,60071,-1.744744,2.211134"
"Travis Marshall MD,59,3658 Brianna Expressway,West Brenda,Kansas,50986,20.114745,-64.046131"
"Logan Tanner,57,41132 Williams Parkway Apt. 297,Morenoton,Alabama,85023,142.282758,-22.381851"
"Brenda Medina,66,98395 Torres Mountains Suite 898,Bowenville,Oklahoma,39859,-85.628243,69.8745105"
"Jessica Vaughn,25,85215 Navarro Drives,New Timothytown,Louisiana,50812,-46.756577,-50.671070"
"Laura Swanson,58,008 Powell Turnpike Apt. 127,North Julia,Tennessee,46273,-106.838011,-34.474424"
"Brendan Brown,78,822 Cynthia Tunnel Suite 976,Lake Erin,Wisconsin,95215,52.519637,-3.014049"
"Amy Ayala,75,3276 Jenkins Isle,Heidichester,Michigan,53315,-96.512758,22.332414"
"Jason Barry,37,22498 Smith Field,New Dylanville,Ohio,38452,39.432976,-49.1905265"
"Jesse Le,68,46689 Andrews Union,South Steven,Nebraska,19019,-12.644022,-31.5017345"
"Jenna Clark,37,2959 Thomas Extension Apt. 536,Gonzalesmouth,Georgia,48201,-95.584958,-47.7306325"
"Meghan Miller,70,9692 Lyons Brooks,East Brianville,South Dakota,24366,-78.143547,-16.1942045"
"Nancy Patton,69,330 Nunez Shoals,South Jonathanmouth,Texas,51343,108.332191,83.6199235"
"Danielle Ellis,67,7928 Jones Track Apt. 157,South Tracy,Alabama,99797,141.790806,39.613376"
"Amanda Ramirez,39,0502 Robert Lock Apt. 387,South Veronica,Indiana,50338,-168.170084,-62.9311465"
"Stephanie Schroeder,56,77308 Jason Turnpike,Moralesberg,Oklahoma,80402,-0.668865,80.9779295"
"Theresa Martinez,63,19753 Stephanie Knoll Suite 462,Brycebury,Nebraska,25018,-65.383838,30.5624165"
"Jessica Doyle,70,546 Allison Plaza,New Tammy,Nevada,44663,169.765270,-79.877554"
"Thomas Richardson,79,15355 Townsend Curve Suite 868,South John,Texas,34821,42.223615,-41.6048525"
"George Williams,50,9255 Mitchell Mountain,West Robinchester,Washington,39432,-95.377186,31.984004"
"David Roberts,45,234 Sabrina Tunnel Suite 517,New Michelleborough,Alaska,54484,-75.766699,13.300531"
"Jillian White,27,326 Carter Fork,Meyerbury,Washington,11248,149.351940,57.707580"
"Jeffrey Ayala,74,607 Craig Forest Suite 851,Lopezmouth,Connecticut,66025,6.395874,-88.5491655"
"Michael Raymond,34,34530 Ryan Shoal,West Renee,Alaska,67789,161.799404,58.3336235"
"Linda Smith,58,4827 Lewis Shoals,Lake Krystalborough,Alaska,45590,82.814001,82.119347"
"Virginia Gutierrez,18,18986 Trevino Freeway,Ashleymouth,Texas,42291,66.444724,85.712411"
"Kayla Anderson,69,13426 Clark Mountains Suite 632,North Christinestad,Connecticut,91720,47.354983,19.957048"
"Curtis Guzman,32,0109 Vaughn Fields Apt. 814,Davidtown,North Dakota,85729,-178.623725,61.8695035"
"Ryan Gonzales,46,3167 Joshua Vista Suite 551,Port Meganborough,West Virginia,66559,-116.596269,-39.131666"
"Lori Hughes,57,112 Arthur Parkway,Howellview,Oklahoma,35984,-115.390358,-62.0437415"
"Dalton Moore,51,834 Peterson Isle,Paulstad,Georgia,69089,-98.269307,-83.987591"
"Kristen Jackson,67,27662 Owens Meadows Apt. 824,Jimenezhaven,Michigan,70341,-72.966763,-62.215310"
"Richard Grimes,47,22872 Adkins Locks,Lake Brianburgh,North Carolina,03746,-128.016880,4.929852"
"Ryan Wilkinson,74,70197 Charles Stravenue Suite 452,East Bryan,Montana,67148,-22.161533,35.413066"
"Taylor Lopez,21,1656 Miller Spurs,Howardfort,South Carolina,65281,89.918387,31.0088745"
"Janice Smith,34,65732 Nicole Prairie,Vanessachester,New Mexico,89513,4.854547,5.5196835"
"Nicholas Chapman,31,585 Leah Crescent Suite 265,Douglasside,Massachusetts,40110,123.419612,55.472855"
"Ryan Copeland,35,53203 Roberts Estate,South Katherineport,Minnesota,82204,20.386993,-70.521278"
"Sandra Moore,63,0297 Erin Shoal,Lake Robert,Tennessee,40280,97.120045,66.9264915"
"Barbara Garcia MD,39,38263 Annette Spur Apt. 404,Nicolestad,Michigan,27476,-105.531395,80.3552385"
"Michael Bass,36,4478 Jesse Streets,Justinbury,Georgia,40488,-172.768165,6.065178"
"Michael Peterson,41,844 David Canyon,Rebeccatown,South Dakota,04236,-74.019172,28.381141"
"Lisa Williams,31,9544 Samuel Rest,Karenborough,Arkansas,83750,144.627554,6.196856"
"Bobby Smith,57,79176 James Plaza,South Michellemouth,Louisiana,94575,-71.938641,45.4478105"
"Robert Davis,59,23253 Powell Estates Apt. 109,North Heather,Oregon,89622,-44.617234,14.824051"
"Shawn Singh,52,0127 Michael Ville,North Karenport,Wyoming,95179,-89.345653,-84.4163855"
"Laura Dudley,20,5581 Derek Dam,Glennfurt,New Mexico,13937,-64.248826,-32.2667245"
"Melissa Wells,33,103 Stacey Station,Carrollhaven,North Dakota,11143,-47.829644,-22.2916245"
"Julie Watkins,72,6124 Rivers Route Suite 998,Williamsbury,Vermont,18283,-123.701856,16.433945"
"Cory Savage,65,033 Moore Tunnel,Brentberg,Delaware,57806,-11.669577,37.583291"
"Victoria Young,48,65035 Henry Plains Apt. 233,South Aliciamouth,Oklahoma,37386,-142.816016,25.2681705"
"Francisco Page,23,3875 Steven Summit Suite 747,West James,South Dakota,41116,128.790408,50.035497"
"William West,37,90909 Brandy Squares,Lake Laura,Delaware,95628,-22.649060,46.9923715"
"Donna Figueroa,27,6659 Megan Bypass,Coxstad,Arizona,01122,142.475360,-82.0366115"
"William French,50,9048 Jennifer Court Suite 772,Port Lisa,Maryland,98749,27.058299,-4.611754"
"Amy Miller,63,026 Hamilton Greens Apt. 393,North Kurt,Oregon,67143,-46.893698,22.4961435"
"James Kane,80,71536 James Road,New Christinemouth,South Carolina,88017,43.887844,68.1155515"
"Kevin Peterson,70,340 Mackenzie Dale,North Katie,Washington,18911,-52.725025,-9.326373"
"Benjamin Johnson,43,608 Shaun Oval,Parsonstown,Arkansas,36597,162.820910,46.836057"
"Erica Butler,76,83588 Garza Fords Apt. 894,Stricklandfort,Illinois,45970,-27.257921,-77.5002435"
"Stacey Brock,57,428 Rasmussen Landing,Brownland,Iowa,44342,79.708669,43.140766"
"Luke Chase,75,26314 Robert Common,North Sarah,Maryland,84167,-119.710300,5.053686"
"Adriana Silva,76,970 Parrish Land Suite 062,South Melanie,Maine,70543,-147.716155,10.189347"
"Richard Carpenter,19,9430 Javier Estate,Longside,Michigan,16662,113.960430,52.790882"
"Marissa Wilson,46,03606 Evans Groves,Sarahtown,North Dakota,54864,-71.211565,-82.509046"
"Miss April Stanley MD,32,0033 Bishop Plaza Apt. 432,North Christine,Alaska,01488,-76.313529,-72.883094"
"Cheyenne Holmes,35,766 Stephanie Wells,Johnsonville,New Mexico,88487,-107.582044,-38.7797605"
"Gerald Conley,30,39659 Henderson Village,Lake Tyler,Nebraska,35263,-136.297675,-2.752334"
"Brandon Peters,24,8437 Jennifer Shoals Suite 823,South Amandaview,Connecticut,92403,-31.613223,65.6560685"
"Rhonda Vazquez,58,35833 Howard Ports,Hannahbury,Arizona,12568,149.479123,0.1372295"
"Andrew Torres,69,93281 Rhonda Glens,Taylorborough,Delaware,90033,-26.711127,33.8360195"
"Dominique Frederick,53,4219 Johnson Walks Apt. 999,West Charles,Wisconsin,96281,-140.770366,-61.8866365"
"Karen Bell,31,552 Miller Rest Apt. 021,Jenniferburgh,Idaho,75962,24.824495,-54.290817"
"Alejandro Pratt,33,24226 Julie Square,South Sherrychester,Delaware,11862,168.310179,-66.6135155"
"Kevin Armstrong,20,995 Wendy Corner,Hillville,Oregon,76792,-151.237043,60.3369515"
"James Everett,57,57695 Schmitt Ports,New Michael,West Virginia,84771,150.809399,85.9406355"
"Brandy Hill,77,95321 Ricky Centers,Smithshire,California,93818,-162.950534,-32.6116085"
"Thomas Smith,69,300 Andrea Forest,Alexanderburgh,Minnesota,01728,-5.580117,-68.6739365"
"Kristen Knapp,42,4256 Susan Burg Suite 570,Johnstad,Nevada,76930,-66.403555,5.4805805"
"Whitney Ramos,32,992 Joan Junctions,Tiffanyberg,South Carolina,06066,-43.785373,-66.364224"
"Nathan Carroll,38,8554 Pennington Terrace,South Samanthaport,Texas,85559,38.973777,-82.3214645"
"Jack Kim,42,72382 Lisa Passage,Lake Amymouth,Iowa,11138,-160.560974,16.812283"
"Mrs. Kaitlin Romero DDS,24,34218 Taylor Mission,Steelebury,New York,17550,-114.946986,-2.0673865"
"Brian Taylor,57,7779 Beck Common,Davischester,New Jersey,25003,144.238129,-85.714217"
"Megan Campbell,24,58351 Daniel Crossroad,Port Shelleyside,Alaska,19452,-121.894881,16.4019785"
"John Taylor,67,08199 Matthew Cliffs Apt. 143,Hesterton,Pennsylvania,59551,131.210903,-56.624019"
"Misty Meadows,61,9072 Julie Ford Suite 688,South Mark,Maine,74086,14.704497,-48.745560"
"Brandon Hart,69,2575 Sabrina Mews Apt. 671,Martinside,South Dakota,02996,-176.391591,65.2526745"
"Samantha Bishop,34,841 David Glens Apt. 881,East Danielville,South Dakota,26356,136.530824,75.6829915"
"Timothy Jimenez,32,178 Alexander Key,Marvinport,Virginia,64043,1.078997,84.1773285"
"Shane Smith,51,347 Cameron Spring,Stewartport,Kentucky,22305,-23.091439,21.531210"
"Jamie Sims,32,70185 Vaughan Ranch Apt. 584,Frazierstad,Indiana,02312,74.861268,-70.6855985"
"Heather Gardner,24,6822 Gregory Bypass,Port Craig,Iowa,29391,109.422388,43.476890"
"Samantha Smith,24,1568 Timothy Dale,Quinnshire,Massachusetts,53712,74.073387,2.972170"
"Amanda Maynard,58,355 Hudson Fords,Cookton,Colorado,63606,-168.665486,46.250885"
"Amy Bradshaw,73,563 Mark Roads Apt. 938,Heatherfort,New Jersey,89525,129.527494,10.5694815"
"Erica Flores,44,812 Smith Keys Suite 361,Lake Jennifertown,Indiana,49046,-87.034243,-37.3907795"
"Kelly Roberts,22,83793 Brian Lake,East Mary,Pennsylvania,81819,154.878743,8.7673465"
"Richard Ray,47,29899 Stevenson Extensions Suite 914,East Robert,Iowa,61700,103.445353,37.4655295"
"Chris Mckay,37,71958 Schaefer Crossroad Suite 635,West Andreabury,Tennessee,15979,111.037805,69.990114"
"Amy Lambert,70,557 Singh Curve Apt. 490,West Jessica,Tennessee,98952,66.589633,-55.2481575"
"Anthony Lopez,66,7623 Gomez Islands Apt. 048,North Louis,Colorado,48569,9.756513,-74.868471"
"Steven Gonzalez,61,8855 Rhonda Greens,West Peter,Minnesota,36415,-128.233744,51.0678755"
"Ryan Fleming,66,1467 Henry Skyway Suite 197,Port Teresa,Kansas,15278,58.154128,-63.567690"
"Anthony Orr,30,381 Montes Skyway Suite 965,Kristopherview,Texas,21892,6.915104,44.1484395"
"Heather Lewis,39,55815 Nicolas Forges Apt. 132,Melendezland,South Carolina,03807,-118.843727,-51.5431285"
"Arthur Black,40,127 Kirk Pine,East Jeremiahstad,Wisconsin,58453,-14.362518,68.812364"
"Connie Foster,39,7450 Ebony Stream Suite 847,East Tracyfort,Illinois,91770,2.776273,-12.3195145"
"Anna Hicks,39,32257 Love Landing Apt. 663,East Parker,Connecticut,15162,-135.595339,-21.1896475"
"Kimberly Sweeney,19,28212 Brown Key,North Emmashire,Rhode Island,35327,-108.218274,45.1989205"
"Tracy Phillips,54,7544 Wong Mount,Robinside,Vermont,33789,-128.382714,-47.193506"
"Kevin Goodman,41,33072 Hester Light,Cameronfort,Utah,69744,145.127987,-16.7240135"
"Anna Rivas,65,381 Moses Unions,East Kenneth,Louisiana,31130,-126.386453,28.750324"
"Christina Guerrero,53,92716 Nelson Street,Nicolemouth,Connecticut,76205,141.394914,49.1142795"
"Melissa Davis,30,7237 Amy Curve Apt. 609,Lewismouth,Illinois,23246,-75.215344,-72.035573"
"Lori Sanchez,30,1374 Norris Center Suite 103,Ballardland,Indiana,13504,50.569182,44.2684965"
"Patrick Morgan,52,3288 Li Orchard Apt. 709,Lake Hailey,Idaho,95395,-95.543161,-4.3887205"
"Thomas Wall,74,137 Jamie Stravenue,Anitaberg,Idaho,11187,111.082202,-60.299216"
"Luis May,19,483 Davis Field,Katherineburgh,Oklahoma,81869,-128.946934,25.4259245"
"Sonya Gill,42,724 Powell Inlet,South Raymond,Louisiana,41212,-20.665946,-63.967557"
"Tina Jones,30,50192 Benjamin Garden,Andrewbury,Maryland,68506,-171.660971,62.316245"
"Denise Adams,40,172 Brandon Ridge,Swansonberg,Virginia,32390,166.310898,35.697342"
"Tanya Flores,24,0496 Kristy Pike Suite 871,Jasonstad,Colorado,43044,131.272626,54.360673"
"Peter Howard,39,12539 Phillips Branch,Rileyton,Utah,84238,59.049354,81.987693"
"Heidi Villegas,41,245 Cooke Tunnel Apt. 329,Michelleport,Pennsylvania,43630,38.147135,-54.072952"
"Kyle Mills,72,1127 Tamara Neck,Port Conniebury,Connecticut,71999,99.964858,20.5782575"
"Kimberly Hernandez,75,686 Flynn Haven,Vargasshire,Indiana,51358,-12.460731,-79.9810095"
"Michael Webster,28,538 Stephenson Springs Suite 596,Morabury,North Carolina,08596,165.697671,70.6872695"
"Robert Cameron,38,99943 Jennifer Crossing,Adamsshire,Oregon,99719,28.407976,-57.7617595"
"Donald Salas,70,372 Robert Corners Suite 240,South Cynthiaborough,West Virginia,75582,-40.794619,-33.4443335"
"Richard Steele,57,69591 Alicia Crossing,Angelabury,Rhode Island,95393,84.340575,-33.675230"
"Caitlin Perez,37,269 Jones Dale,West Paula,Illinois,72481,151.037945,46.9008875"
"Steven Baker,71,021 Huffman Well,Justinville,Texas,98438,-73.378597,-20.524535"
"Jason Powell,43,41000 Emily Canyon Apt. 683,West Suzanne,Illinois,17115,42.109957,-71.032329"
"John Stanley,42,02062 Evans Fall Apt. 190,Ericmouth,Oklahoma,34370,-6.347695,-62.9454925"
"Jack Owens,46,313 Dana Passage,Armstrongville,Wisconsin,66766,44.128193,23.1672575"
"Nancy Calderon,39,9714 Sarah Rue Apt. 690,Lake Jonathan,Wyoming,08686,-97.130854,-12.754454"
"Christopher Moore,34,4633 Lori Meadow,Holmesshire,Mississippi,03379,144.141768,-87.0170335"
"Sarah Smith,29,09738 Sandra Trail Suite 213,New Christopher,Montana,41277,-124.602639,-45.7860885"
"Miranda Ward,68,73419 Scott Inlet Suite 003,West Andrew,Massachusetts,68783,-45.835366,-72.349212"
"Brittney Walker,29,40129 Johnny Knolls Suite 039,Villegasport,Colorado,00973,-78.368766,-72.7423385"
"Kathleen Norris,48,5674 Andrew Junctions,New Robert,North Dakota,31534,59.097675,-16.066992"
"Martin Jones,18,40248 Michael Extension Suite 067,Richardside,Utah,28583,-4.749983,37.1817455"
"Troy Miller,18,6435 Christensen Ford Suite 293,Gambleberg,Vermont,64469,25.865347,-4.502634"
"Kimberly Cantrell,40,946 Samantha View,New Katherine,Arizona,83365,113.943907,-80.9895035"
"Nicholas Grimes,22,576 Stephanie Oval Suite 477,South Shanemouth,Missouri,74898,-64.281852,-50.708532"
"Catherine Crawford,25,800 Jason Junction,New Benjamin,Florida,69347,-133.697526,56.0481025"
"Stephanie Simmons,60,175 Alicia Points,Glennton,Florida,19378,-155.793350,-0.077247"
"Matthew Bailey,64,33544 Williams Lake Apt. 326,Dixonchester,North Carolina,49936,17.281980,21.0201375"
"Bernard Marsh,68,4608 Keller Flat Suite 642,East Isabella,Nebraska,78385,116.202269,-19.4392615"
"Alicia Miller,70,24202 Hannah Overpass Apt. 434,Frankside,Oklahoma,72235,43.482353,-22.204179"
"Jennifer Scott,69,460 Nicholas Rest,Martinview,Nebraska,44917,114.865986,87.017579"
"Yvonne Taylor,73,8719 Juan Ville,South Sarah,Iowa,78861,32.918273,-1.944095"
"Abigail Bass,53,198 Smith Courts,Charlesport,Maryland,61935,68.424273,-43.2933905"
"Nicholas Jones,48,9284 Mcknight Mountains Apt. 901,South Gailport,Missouri,54701,-56.780561,70.318680"
"Ashley Carpenter,59,674 Pittman Drives Apt. 607,Michelleberg,Georgia,40606,143.063176,-84.8709275"
"Bryan Johnson,69,065 Jeffery Crossroad Apt. 375,Gonzalezshire,New Hampshire,22217,140.181057,-52.3450525"
"Michelle Rodriguez,47,068 White Dam Suite 558,Reginaburgh,Arizona,64648,-55.757625,-37.822499"
"Kara Smith,52,7749 Terry Villages Apt. 811,Monicaville,Florida,69556,-142.912095,-38.3082055"
"Wendy Edwards,39,6887 Sparks Key,Codyhaven,Florida,97605,94.243641,68.547421"
"Charlotte Parrish,53,7330 Smith Track,Seanport,New Jersey,04683,141.091948,9.0664915"
"Amanda Knight,21,623 Morales Ford Apt. 884,Ramirezberg,Connecticut,77224,-91.113602,12.5772705"
"Christina Kim,52,701 Christopher Cape Suite 912,East Diana,Kentucky,20741,112.994067,-27.411285"
"Sara Schneider,59,17517 Jessica Courts,East Michelleside,Hawaii,73492,-75.014421,-16.3680045"
"Tanya Martin,42,4202 Rodriguez Fords Apt. 361,Villanuevafort,New Mexico,89083,43.217693,-8.511079"
"Glen Harrington,40,508 Ferguson Rapid Apt. 848,Andrewston,West Virginia,64019,39.876752,-51.045702"
"Brandy Williamson,19,72054 Kristin Junction,East Roger,Connecticut,98981,138.306196,-34.286808"
"David Scott,44,93041 Jeremy Hollow Apt. 547,East Michael,Iowa,02206,120.374283,36.9148175"
"Michael Hayes,71,186 Jacob Way,Marshtown,North Dakota,90359,-60.092212,56.633812"
"Kara Huber,57,4432 Amber Rapids Suite 228,Fisherhaven,Virginia,19459,30.623801,-12.040341"
"Louis Moore,80,64952 Brown Park Suite 347,Port Derrick,California,40173,165.032499,19.1374315"
"Kimberly Stanley,38,4139 Laura Groves,North Sylvia,Georgia,02573,-97.806751,-66.9044845"
"Peggy Lucero,64,6830 Darryl Circle Suite 922,Millermouth,Pennsylvania,78500,105.105286,46.878768"
"Pamela Becker,20,941 Cassidy Squares,New Amanda,Illinois,60067,-30.896370,73.1882415"
"Richard Brown,23,5811 Edwards Club,East Sarah,Wyoming,47160,32.407015,61.4897245"
"Christina Hughes,32,89513 Julie Valley Suite 938,East Philip,Georgia,16187,-139.736029,38.6220835"
"Gregory Lee,18,575 Wilson Loaf Apt. 678,Gonzalezfort,Oklahoma,08773,101.169001,-58.855586"
"Tracy Gardner,77,54705 Barnes Via,East Donna,Florida,81309,151.002171,7.705009"
"Joshua Brown,41,01880 Miller Drive Apt. 293,Port Davidfort,Georgia,12403,-159.423584,28.3881345"
"Jamie Gould,67,269 Mills Point Apt. 246,New Elizabethborough,Hawaii,41038,-87.067010,-40.2185275"
"Jennifer Baker,54,8989 Robert Freeway Apt. 505,Hodgesborough,Nevada,70580,171.852991,-52.2269305"
"Joshua Christensen,26,513 Lee Island,South James,Georgia,99622,-158.661587,-7.1383135"
"Benjamin Lopez,76,165 Compton Tunnel Apt. 835,Garrettburgh,Nebraska,52424,-90.553124,-30.455283"
"Jennifer Smith,74,1501 Parker Station,Stephenmouth,Wyoming,62080,42.248472,25.7484705"
"Kimberly Holland,63,3452 Ayala Lake Apt. 177,Richardport,Massachusetts,74513,-20.957284,47.5151455"
"Brian Carter,20,340 Jeffrey Fork,North Reneeville,Tennessee,02387,-48.970060,-7.628270"
"Diane Lara,49,46810 Morgan Isle Suite 300,New Lisashire,Mississippi,08383,30.364660,-66.807481"
"Ryan Coleman,66,500 Amy Groves,South Sandraberg,Alaska,95593,179.393800,-42.0792175"
"Charles Banks,26,8115 William Path Suite 698,Paulborough,Maine,49583,161.124416,18.929377"
"John Curtis,29,60984 Ryan Common,South Kaitlynhaven,Idaho,89374,91.849299,-12.5565225"
"Jeffery Silva,33,757 Lucas Meadows,West Jeff,Arizona,61863,8.627090,-52.7317285"
"Michael Miles,67,682 Munoz Plaza,Rossborough,Nevada,18692,112.576401,62.5674795"
"Christina Jackson,61,4733 Garcia Knoll,East Paige,New York,61460,-70.667914,21.066387"
"Alex Harrison,36,4077 Sarah Meadow,Michelleville,Maryland,48646,-129.109275,47.843075"
"Scott Castillo,27,500 Kimberly Meadow,North Cynthiaville,Arizona,17166,-82.792111,-9.169037"
"Linda Johnson,28,80410 Sarah Viaduct,Thomaschester,Idaho,83676,-54.635334,15.7508845"
"Christopher Taylor,59,0393 Bullock Forks,Olsonside,Connecticut,82752,-160.573919,56.2354735"
"Joy Simmons,39,59360 Compton Points Suite 837,Martinezfort,Georgia,83971,-57.768762,23.6969085"
"Mark Ortiz,41,46240 Jennifer Row,Port Robert,Tennessee,85725,-128.384045,60.4625885"
"Robert Downs,79,3307 Craig Groves,Mccormickton,Kentucky,29190,120.080680,-20.597060"
"George Cooper,41,0784 Gregory Springs,Sullivanside,Colorado,84965,103.464234,64.1854245"
"Adam Miller,72,111 David Points Apt. 381,East Frankland,New York,45375,-104.123484,14.797126"
"Stephanie Brown,64,453 Brenda Mills Suite 762,Lake Jamesshire,Alabama,07058,125.683366,74.5872775"
"Paul Garrett,70,6800 Murphy Junctions Suite 842,Ayalaburgh,Mississippi,04623,8.691980,71.3056765"
"Patrick Page,45,0198 Ray Port Apt. 500,Port Heather,Arkansas,64951,-134.533001,-52.4448495"
"Janice Gomez,58,2006 Charles Junctions,Carsonside,Nevada,74455,-127.439642,41.786170"
"Malik Walker,27,6205 Medina Mount,Jenniferburgh,Minnesota,24973,11.399498,75.3912615"
"Bryan Franklin,44,67239 Heather Parkways,West Brian,Wisconsin,22442,-64.182353,-53.6167635"
"Donald Mendoza,37,3144 Paul Centers,Mcclainmouth,Wyoming,29176,35.168349,66.692434"
"Jill Torres,41,76270 Brad Junction,Rhodesborough,Alaska,45126,-150.921037,-89.526390"
"Jacob Wiley,28,8936 Danielle Forges,West Angela,New Hampshire,19676,29.277570,52.819638"
"Howard Ellison,39,8026 Thomas Greens Suite 309,West Shelleyton,Iowa,07601,-134.038130,-50.3663365"
"Theresa Estrada,46,243 King Haven Suite 740,East Davidfurt,Montana,17559,121.351754,-11.653789"
"Vanessa Thomas,45,1889 Bishop Walk Suite 904,Harrisshire,Utah,79472,134.428360,-49.678050"
"Bradley Poole,70,9026 Thomas Lane Suite 187,Lindastad,Missouri,59444,62.432235,-29.6724645"
"Timothy Thomas,52,0558 Daniel Causeway Apt. 312,Smithmouth,Wyoming,09221,-68.396274,-24.821854"
"Christina Rodriguez,72,2829 Blankenship Knolls Suite 792,South Aaronport,Hawaii,08018,13.882504,39.5582905"
"Jackie Daniel,64,653 Hutchinson Tunnel Suite 873,Douglashaven,Massachusetts,98686,173.748428,-7.8115025"
"Patricia Wolf,27,925 Colon Trafficway,East Jeremyfort,Montana,40907,7.991290,-13.315063"
"Janice Cobb,36,09356 Brian Crossroad Apt. 940,Perezside,Nevada,59067,123.165571,80.8380995"
"Michelle Jones,42,7064 Eric Common Apt. 595,Port Frank,Vermont,52749,163.615340,60.9962135"
"Antonio Moss,58,93844 Parker Ports,East Thomas,South Carolina,25344,-25.436394,-16.3924615"
"Dillon Rodriguez,36,795 Melissa Mews Suite 457,Harmonhaven,Rhode Island,80863,-176.565965,-38.931397"
"Megan Wilson,25,0914 Margaret Park,West Christian,Ohio,72782,-49.149126,-58.751834"
"Michelle Butler,76,333 Collins Camp,West Micheleton,Rhode Island,44536,-59.655893,-63.271455"
"Matthew Allen,62,63331 Gross Prairie,Hoganhaven,Illinois,12421,-86.525827,-46.3020665"
"Alyssa Pittman,74,6405 Wanda Forge,Ramirezhaven,Maryland,78344,-119.894224,33.7129565"
"Gordon Graham,67,4018 Pearson Canyon Apt. 112,West Kelly,Alabama,85954,-48.157344,76.751820"
"Sara Barnes,67,4449 Erin Prairie Apt. 107,Port Kelly,Alabama,52089,-96.307702,86.4963935"
"Christopher Calderon,64,878 Robert Mews Suite 936,Port Kathleen,Nebraska,60667,-120.263322,-74.2067645"
"Adam Ramos,62,433 Pierce Alley Suite 195,Perryfurt,Arizona,09375,-22.822639,78.9007545"
"Wendy Brown,30,54272 Andrew Passage Suite 151,Ryanfort,Minnesota,80766,-165.326643,-51.827714"
"Brian Foley,61,499 Connie Prairie,Moralesburgh,Washington,61469,97.605557,75.425054"
"Nicholas Ryan,62,27315 Holmes Valleys Suite 411,Jasminetown,Colorado,30929,-137.141793,80.097220"
"Charles Greene,56,08513 Ferguson Islands,New Christopher,Arkansas,94022,-139.176674,13.199057"
"Victor Lutz,44,61194 Misty Drives Suite 253,Tamaramouth,Idaho,85709,39.689168,-27.616611"
"Richard Yang,33,552 Wesley Ford Suite 722,South Lisafurt,Nebraska,72341,26.874617,-36.081676"
"George Patterson,48,60362 Melanie Village Apt. 308,Kathrynmouth,West Virginia,96684,166.216909,-34.777151"
"Robert Hernandez,29,9555 Michael Course Suite 279,Duffybury,Nebraska,79867,-67.746255,54.3906875"
"Jeffery Doyle,30,864 Hancock Expressway,Flynnstad,North Carolina,52902,-40.155743,49.4567355"
"Christopher Kim,27,8670 Jones Fall,West Lori,Alabama,81471,100.053343,-66.599647"
"Wendy Warren,19,487 Beard Rest,Snyderberg,Connecticut,36600,76.740548,42.5159475"
"Benjamin Richardson,50,6573 Susan Circle Suite 226,Juliebury,Washington,81331,-109.745899,-77.8315775"
"April Mullins,26,7454 Murphy Rue,New Christopherhaven,New Jersey,68063,-32.282745,-0.1754105"
"Carol Anderson,25,5086 Hendrix Port,Lake Danielton,New Mexico,94773,54.860748,-83.784519"
"Melissa Morse,74,08304 Shawn Row Suite 694,Clarkview,Missouri,68968,27.249805,-18.109702"
"Amy Graham,69,0170 Howard View,Rossfort,Arizona,15384,-79.118727,-51.578861"
"Charles Holland,19,4933 Julian Orchard,Lake Aprilshire,New Jersey,84395,-67.538485,12.2212205"
"Cindy Mann,61,574 Hurley Villages,New John,Nevada,47542,178.238290,-89.786346"
"Kristi Smith,27,680 Mcknight Green,Lake Natalie,New York,74451,-60.541366,-25.8947425"
"Holly Henson,47,374 Fowler Route Apt. 731,East Brandon,South Dakota,46500,24.985979,-12.4857225"
"Karen Johnson,42,8112 Mack Parkways Suite 861,North Bryan,West Virginia,11565,-168.060368,-11.8663285"
"Amy Stevenson DVM,60,537 Sharon Mount Suite 289,Fishermouth,Wyoming,11802,127.361442,-22.255782"
"Timothy Walker,32,4672 Robert Villages,Port Lanceborough,New Hampshire,22799,-177.422315,-58.5164605"
"Alexander Anderson,51,0125 Christopher Center,West Micheal,South Carolina,45261,-75.409862,-18.269125"
"Joseph Matthews,63,52164 Hurley Flat Suite 825,Kevinstad,West Virginia,18154,-102.399991,30.4157385"
"Jeffery Wells,39,9352 Mcclure Orchard,Lancestad,Wisconsin,09475,110.772029,25.509350"
"Mr. Erik Hall Jr.,54,53714 Erik Islands,Scottville,Arkansas,39149,92.545657,64.8982465"
"Cody Miller,18,259 Cody Track Apt. 935,Gayfurt,California,24970,61.944510,35.295245"
"Christina Reed,42,612 Joshua Shores,North Jesus,Indiana,34309,-101.684919,-28.498877"
"Sarah Valenzuela MD,52,007 Brennan Ways Apt. 722,Samuelmouth,Florida,90748,153.266946,0.744942"
"Tammy Hawkins,51,28393 Kyle Shore,Richardland,California,09302,72.348627,-10.4295155"
"Joshua Obrien,48,7328 Cox Shoal,Scottville,Wisconsin,14600,-168.182552,26.004510"
"Christopher Cherry,47,0752 Samantha Dam Suite 651,Stewartfort,Maine,55223,159.132760,-51.830106"
"Benjamin Vargas,80,948 Manuel Keys Suite 855,Edwinside,Delaware,46249,128.311101,-84.193839"
"Dr. Traci Whitehead,41,8623 Perry Valleys,Knightchester,Ohio,35292,-47.843710,-36.7406145"
"Thomas Cortez,33,418 Bryan Plains Apt. 274,East Roberthaven,Alaska,02496,-1.753446,-67.734734"
"Sherry Park,65,835 Lowe Lodge,Lake Robertburgh,Florida,76889,120.512636,46.1351355"
"William Barry,24,4419 Thomas Heights Apt. 045,East Denise,Minnesota,26413,-162.159234,-11.357057"
"Richard Thompson,32,5905 Woods Club,Gibbschester,Kansas,46298,-87.356030,-30.2490375"
"Heather Smith,49,57161 Seth Village Suite 890,Toddside,Washington,66778,22.996611,-64.1027045"
"Eric Green PhD,27,975 Booth Hill Suite 602,Burtontown,Missouri,76178,-90.866296,30.6947905"
"Sherry Jenkins,25,64085 David Mills,Fergusonhaven,Virginia,10317,-52.874080,15.084152"
"Victoria Perez,56,91035 Lance Expressway,Ryanmouth,Ohio,20504,25.279118,58.7841835"
"Michael Wilson,33,075 Rodriguez Hollow Apt. 574,West Charlene,California,89624,146.166455,-86.061387"
"Michelle Martinez,24,17598 Sean Overpass,North Catherineshire,Michigan,88936,157.456049,-25.5996815"
"Kathryn Roach,34,17526 William Dale Suite 813,New Brian,Florida,76095,-31.587803,-3.688753"
"Patricia Moreno,76,6757 Clark Street,Port Maureenville,South Dakota,96952,80.166800,-22.6533125"
"Sean Mitchell,27,76410 Matthew Creek Apt. 197,East Frankmouth,Missouri,28693,29.246992,-67.9368965"
"Austin Estrada,75,71715 Amanda Key,Vaughnfurt,Rhode Island,62719,87.508763,-25.332714"
"Joshua Leon,80,476 Amanda Trafficway Apt. 101,Barnesburgh,Indiana,72949,40.350913,-54.4039935"
"Julia Rogers,37,402 Pacheco Square,Lake Anna,Iowa,80267,141.503695,-48.072518"
"Michelle Payne,52,11278 Jensen Coves Suite 445,East Edwin,Florida,31933,12.793926,-65.0295655"
"David Cobb,22,16069 Nicholas Village,Dorseyside,New York,93765,56.914501,85.5069575"
"Matthew Leach,71,068 Moore Forges Suite 347,Port Yolanda,Nevada,06890,-139.622793,-32.945330"
"Stephanie Rivera,30,83513 Gilbert Causeway Apt. 647,New Brianmouth,Idaho,27680,93.929384,46.554185"
"Joan Pugh,65,103 Anderson Ville,East Jacobport,Kentucky,91615,21.459441,5.002204"
"Robert Mckinney,51,06451 Ruiz Wall Suite 373,Davisfort,Vermont,72029,-31.771316,-87.8763835"
"Scott Fletcher,25,70705 Harvey Point,Lake Hectorhaven,Virginia,71919,85.096806,46.009518"
"Reginald Snyder,73,23000 Kelly Garden Apt. 368,Port Kayla,Missouri,44003,177.692990,-54.2553175"
"John Rosario,58,5776 Gerald Lock,South Georgetown,Nevada,13096,-16.566852,15.8848005"
"Aaron Jimenez,22,3338 Brittney Locks Apt. 288,Elizabethville,Connecticut,29127,-43.646957,34.804016"
"Leah Mathews,67,56906 Lori Road,West Jeffreymouth,Delaware,85476,-84.585043,-33.6690595"
"Angela Irwin,31,640 David Coves Apt. 682,New Daniel,Pennsylvania,67982,-4.907115,-4.7346845"
"Paul Montgomery,23,249 Patterson Ways Apt. 092,East Jenniferbury,Texas,38238,12.343297,19.381766"
"Steven Graham,60,098 Brett Cape Suite 569,Lake Matthew,Montana,87994,155.724510,72.058540"
"Mr. Levi Bowman,63,46968 Reynolds Camp Apt. 656,West Melissa,Maryland,91074,171.448976,32.8759275"
"Jeffrey Valdez,19,5489 Campbell Cliff,Lake Carloshaven,Pennsylvania,94965,135.256886,69.6221915"
"Ryan Walker,66,46215 Matthew Lakes,Williamport,Mississippi,63175,38.708893,60.168586"
"Shari Taylor,50,9342 Charles Plains Suite 682,Stonestad,Connecticut,92230,-134.788550,40.355248"
"Judy Brown,58,2618 Villegas Hill,Leslietown,New York,03498,60.607345,27.161487"
"Justin Anderson,53,6349 Marcus Street,North Deborah,New Jersey,06264,82.598413,-57.747528"
"Charles Hull,64,9194 Hampton Summit Apt. 270,North Paul,Nebraska,50901,-32.710364,-88.476320"
"Pamela Clark,25,2164 Christina Road,West Nicoleburgh,Wisconsin,69242,3.157995,76.1587395"
"Heather Craig,72,07544 Rodriguez Cliff Suite 351,South Brett,Wisconsin,98917,-97.723776,-16.384642"
"Nicole Hughes,64,088 Monica Ramp,New Michaelstad,Illinois,05354,-35.842161,18.520959"
"Timothy Ortiz,65,99093 Davis Green Suite 572,East Petertown,Oregon,40098,-28.502677,-31.5220915"
"Jason Mayer,39,26381 Jessica Street,Shanehaven,Kansas,87149,121.813163,-0.6889975"
"Jeffrey Collins MD,80,4419 Morales Hollow Suite 225,Lake Darren,Hawaii,02251,-22.383347,-85.065330"
"Michael Harrell,19,3054 Elizabeth Shore Apt. 442,North Olivia,South Carolina,96564,-68.543113,-3.4931005"
"Laurie Harris,72,33796 Williams Vista Apt. 418,Castilloport,Arkansas,25451,-19.194129,-37.625399"
"Tina Owens,68,8559 Garcia Ramp,Debraberg,South Carolina,48974,30.409296,-18.8371765"
"Trevor Hurley,55,193 Michelle Hills Suite 331,Millermouth,New Hampshire,33295,81.033784,84.456232"
"Natalie Brown,67,521 Castaneda Oval,South Kelly,Michigan,81112,-87.845839,-9.7019035"
"Jessica Martinez,72,718 Duarte Run,Port Valerie,Wisconsin,28705,119.727928,-59.585096"
"Grant Garcia,42,09170 Matthew Terrace Apt. 137,Port Brian,Arizona,82429,-104.529726,-14.600460"
"Amy Cruz,46,8936 Carroll Wall Suite 789,Karlastad,Ohio,70943,-40.247399,-85.943244"
"Nathan Hickman,34,4031 Brenda Parks,New Laurenton,Florida,02619,-68.110017,-41.1381345"
"Melissa Allen,26,0920 Rogers Plains,Foleyfurt,Nevada,48620,141.604234,-26.1296405"
"Kristin Ramos,73,08410 Allen Glen,Camerontown,Utah,01193,99.069486,84.339205"
"Lauren Gordon,62,861 Morrison Shore,Williamsborough,Rhode Island,13431,70.939679,-57.1907465"
"Rachel Simon,40,57975 Paul Stream Suite 918,South Steven,Tennessee,72386,-152.021702,58.718123"
"Jessica Mahoney,45,9318 Dennis Valley,Joneston,Kansas,10950,-81.176588,-26.1188635"
"Sarah Patterson,36,82260 James Corner Suite 007,Olsenfort,Arkansas,08086,133.158537,-43.3617485"
"Rhonda Myers,21,6431 Ramos Road Suite 923,North Jeffrey,Connecticut,19727,78.769335,38.828873"
"Lori Miller,40,11688 Grant Flat Suite 753,Jordanhaven,New Jersey,81240,70.525742,49.817255"
"Wesley Cook,79,74476 Weeks Way,Lake Rachel,Iowa,54022,-16.443895,52.452357"
"Joshua Robinson,37,7249 Bryan Shoal Apt. 586,Tonymouth,Illinois,87574,105.390377,1.050651"
"Ryan Williams,29,3383 Rogers View Apt. 373,Deniseville,Louisiana,41522,87.421004,48.894742"
"Anthony Schneider,64,8880 Judy Gardens,East Josefort,Maryland,98453,-65.336723,2.798014"
"Norma Shelton,51,730 Cory Stream,Victorhaven,Oregon,66193,-144.081142,-35.026868"
"Eric Brown,41,0559 Rita Lodge,Lake Matthewshire,North Dakota,77817,-1.034616,-64.8479645"
"Susan Macias,29,820 Robert Garden,Deannashire,Arizona,94665,-155.259474,-51.6174005"
"Dr. Jonathan Hill,25,1135 Morris Crescent Suite 776,Sanchezstad,Kansas,08503,42.626878,-36.587698"
"Antonio Hampton,71,292 Lawson Passage Suite 770,Karlside,Rhode Island,34359,19.315511,-72.3806345"
"Kathryn Glenn,65,88612 Bauer Station Apt. 817,Stokeshaven,Arizona,51271,112.660299,43.657101"
"Daniel Nguyen,23,00299 Breanna Skyway Apt. 211,Justinmouth,Georgia,32731,175.859372,81.942173"
"Lisa Strickland,58,897 Ponce Overpass Apt. 979,Robinsonstad,Florida,02611,-177.169821,52.4321005"
"Zachary Calderon,47,83746 Shannon Street Suite 392,Garciaberg,Colorado,34286,-9.769704,-56.300850"
"Monica Mendoza,48,157 Scott Squares Suite 304,Thomasside,New Mexico,43003,148.490956,88.263946"
"Andrea Saunders,26,760 Kelly Point Apt. 887,Barnesside,Tennessee,72753,133.377785,-26.9533205"
"Teresa Guzman,55,915 Vickie Mews Suite 028,Stewartville,Minnesota,68953,95.503064,-88.227003"
"Catherine Cantrell,60,1917 Joseph Avenue,South John,Missouri,64828,-148.509538,75.6081425"
"Nathaniel Castro,31,72388 Ramirez Stravenue Apt. 280,North Margaret,California,45887,-85.821897,37.2051485"
"Jessica Garcia,71,33184 Melanie Harbor,Figueroamouth,Maine,36185,151.398199,-31.011569"
"Steve Smith,63,00606 Smith Court Suite 253,South Jacquelineton,Nevada,26504,32.606247,76.171897"
"Elizabeth Jones,74,133 Jonathan Point,Perezport,Missouri,79233,-90.431907,16.034346"
"Victoria Garcia,27,13574 Amy Ridges Suite 644,North Suzanneville,Utah,42635,-142.293554,-66.7475065"
"Claudia Morris,48,603 Anthony Roads,Jeffreytown,Georgia,71629,-144.530724,-73.3792105"
"Brian Stevens,73,570 Simmons Mount,South Ashley,Arizona,43383,44.719118,-12.3239085"
"Brian Avila,35,337 Dean Drive Apt. 215,Amyburgh,New Jersey,50725,140.399468,-15.021555"
"Christopher Erickson,65,03958 Monica Land Apt. 050,Lake Jeffreyberg,Arkansas,89323,44.888895,19.1317495"
"Alyssa Jackson,24,68549 Sanchez Camp Suite 046,Linside,Alabama,30111,-33.700428,-67.0660255"
"Kayla Warner,23,2983 Brett Plains Suite 123,Stevenport,Louisiana,76551,143.643058,41.3162595"
"Gina Jimenez,46,24527 Brian Mountains Suite 444,Brittanytown,Missouri,14187,-36.477917,-76.3871635"
"Michelle Bean,32,07640 Vasquez Fall,Reyesbury,Louisiana,36600,2.416792,-62.6850025"
"Ms. Janice Hayes,41,9018 Goodwin Flats Apt. 604,West Penny,Oregon,94382,-129.100266,-83.431886"
"Emily Rodriguez,58,864 Gordon Trail Apt. 402,West Kenneth,Kansas,33511,140.016388,58.230992"
"Amber Burke,24,043 Erickson Brooks Suite 859,Kellyberg,Delaware,20400,123.147765,-48.337192"
"Lauren Sims,75,335 Chase Plain Suite 611,Alvaradoland,Texas,43832,12.077198,45.568764"
"Amy Wheeler,37,9700 Emily Cliffs,Aguilarfurt,Alaska,23233,140.187755,56.8305135"
"Kevin Combs,21,4642 Trevor Pine Apt. 859,West Nichole,New Jersey,71010,-6.030425,71.4488275"
"Christine Williams,55,8836 Suarez Club,New Williamport,Pennsylvania,80721,154.832065,70.4608695"
"Francisco Mccormick,39,36808 Howard Summit,Gutierrezberg,Arkansas,74977,-4.248880,-39.3971825"
"Linda Adkins,72,32757 Gonzalez Trace Apt. 980,Nicholsshire,South Dakota,74580,112.627046,86.828478"
"Megan Reed,76,703 Kyle Turnpike,Cassandraview,Nebraska,65325,82.468320,28.433436"
"Janice Rose,22,2015 Young Prairie Apt. 022,Richardland,North Carolina,95711,126.625676,-7.1704045"
"Vanessa Brown,45,33993 Jason Branch,Millerfurt,Vermont,70292,57.098596,-82.9882595"
"Beth Payne,36,17747 Stevens Alley,South Tammy,Mississippi,42143,-168.626991,9.9662155"
"David Hardin,54,5838 Ronald Plains,East Lindseychester,Nevada,41740,-167.599137,-3.4095675"
"Jonathan Merritt,61,139 Glenn Radial Apt. 016,North Sarahville,Iowa,03744,-120.819166,85.1392665"
"James Taylor,61,44137 Jason Place Suite 079,West Craigfurt,Hawaii,74925,50.614474,-69.821154"
"Michelle Porter,27,6042 Megan Meadows Apt. 264,North Gloriabury,New York,92302,178.254043,-1.422245"
"Bryan Shepard,25,263 Christina Ridge,New Matthew,South Dakota,61757,-57.309406,77.3798785"
"Robert Wright,49,285 Kathleen Squares,Carlaburgh,Massachusetts,50313,158.678389,-46.924053"
"Tyler Peterson,51,08202 Duncan Shoals,Adamside,New York,54805,-26.710407,11.9825035"
"Jonathan Garrett,28,8047 Vasquez Pass Apt. 650,North Kristen,Rhode Island,93497,-153.425054,64.065530"
"Jasmine Martinez,35,520 Todd Way Apt. 638,Johnsonview,New York,40605,-96.141105,-59.927265"
"Max Mcmahon,36,299 Vincent Trail Apt. 758,West Mark,Vermont,17216,110.621827,16.045469"
"Kevin Patel,20,3381 Lopez Center,Duranville,New Jersey,64678,138.013627,-56.285587"
"Dr. Eugene Nielsen,28,286 Krista Mission,Bergerburgh,New Mexico,49429,84.168572,44.211854"
"Candace Poole,66,99323 West Mission,South Austinchester,Indiana,58609,-69.129822,-81.416993"
"Alan Hall,44,64498 Julie Forks Suite 775,Masonshire,North Carolina,35819,-165.749016,-19.8033015"
"Breanna Miller,24,4556 Joshua Run Suite 028,Thompsonhaven,Ohio,38832,64.701454,-55.248796"
"Joshua Gill,56,5030 Antonio Ford,East Susan,Colorado,51118,90.403285,-23.6556075"
"Anna Trujillo,44,929 Ortiz Ferry Suite 023,West Timothymouth,Georgia,98992,-125.793173,-7.0351465"
"Nicole Dickerson,58,980 Conner Junction Suite 978,South Jessica,Texas,69142,-108.056091,-63.080629"
"William Hall,57,40715 Connor View,Ronaldville,Wyoming,01012,-64.015672,-3.4511995"
"Leonard Christensen,61,72391 Harper Ports,Lake James,New Mexico,84769,78.402496,4.1883255"
"Elizabeth Matthews,49,26184 Michelle Stravenue Apt. 638,South Sylvia,Wyoming,28436,74.119811,-76.1483265"
"Seth Brooks,58,0583 Ortega Mount,East Ethan,Tennessee,19895,163.024738,71.2319815"
"Tim Anderson,45,7557 Palmer Knolls,Smithfort,Louisiana,71998,18.564280,-43.6604415"
"Jerry Moore,42,15036 Tammy Mountains Apt. 036,East Brandonton,Arizona,24508,-110.443970,59.8061325"
"Linda Barnes,28,80942 Walsh Square,East Robert,Missouri,26453,-161.298144,14.1002475"
"Darin Williams,76,44521 Sheryl Point Apt. 582,North Debraborough,Louisiana,56361,-56.801173,65.706472"
"Jennifer Adams,59,1041 Mcguire Springs Suite 585,Hallbury,Vermont,76426,-4.331247,35.3909025"
"Jason Wood,68,40030 Lopez Coves Suite 057,Hansonport,Louisiana,99427,-53.583915,64.7666265"
"Kimberly Sullivan,27,7430 Jeremy Lodge Suite 676,Mooreburgh,Vermont,32718,116.440874,40.626065"
"Aaron Boyer,41,57568 Benton Well,New Shannon,Hawaii,07572,-30.633123,-40.1319215"
"Matthew Wright,62,104 Spence Mill Suite 591,West Carrie,Mississippi,98346,-96.608952,-1.3083745"
"Scott Diaz,80,366 Brennan Fall,Lake Justin,New Jersey,90038,-101.714598,6.3362555"
"Justin Ortiz,69,68040 Schmidt Meadows,Luisport,Indiana,70628,88.046486,-8.9944255"
"Jacob Holloway,72,6090 Stewart Motorway Suite 592,South Carla,Kansas,79874,-82.497899,51.1490025"
"Lisa Mcintyre,54,977 Burns Extensions Suite 394,Shelbyville,North Dakota,96172,82.661078,6.9217875"
"Charles Bradley,69,791 Scott Valley Apt. 366,West Jessica,Utah,85337,-99.347969,51.9520855"
"Erin Orozco,25,1065 Fischer Ridge Suite 410,Davidborough,Texas,61027,167.581184,-40.3506965"
"Leslie Lewis,37,73733 Cantu View,New Lynn,Alaska,60307,-66.654708,72.6048915"
"Troy Russell,54,532 Charles Motorway,Schneiderport,Wyoming,75742,-68.124869,-4.8946665"
"Frederick Parsons,63,12639 Smith Keys,Melissaport,New Mexico,31410,-48.350469,3.406295"
"Ricky Allen,50,2158 Johnson Motorway,Berrytown,Michigan,49003,92.232365,43.498165"
"Mark Johnson,37,34313 Aguilar Mount Apt. 302,Mcdonaldland,Indiana,08221,127.439566,-9.9558075"
"Billy Mejia,39,15600 Cannon Manors Suite 009,South Robert,Virginia,63656,-11.232395,-33.8621035"
"James Sloan,74,49363 Cortez Canyon Suite 132,West Kimberlychester,New Mexico,06067,-63.079628,26.5872085"
"Glenda Morales,62,531 Wilson Ridge Apt. 596,Samanthastad,Massachusetts,45886,-56.753784,55.1382415"
"Tony Adams,58,98531 Nathan Crest,Port Janet,Missouri,55763,15.358970,35.699654"
"Haley Haas,74,7725 Kirk Valley Suite 762,Darleneburgh,Georgia,40166,71.479912,-27.9010645"
"Jessica Duarte,75,1424 Brian Cove,Lake Miranda,Missouri,28909,147.490616,46.0364885"
"Scott Wallace,55,982 Bryan Drive Suite 909,New Caitlin,Georgia,29837,57.111697,-26.258268"
"Nicholas Smith,65,4050 Landry Brooks Suite 566,West Christina,Maryland,02585,10.646624,-34.8241775"
"Edward Rowland,73,403 Chambers Trafficway,Jasonfort,Idaho,49490,-79.595291,-7.390480"
"Deanna Parker,40,445 Bowman Square Suite 569,Lake Matthewhaven,West Virginia,23729,-136.087267,-23.7370635"
"Sierra Atkinson,77,8066 Janet Ports,Jackshire,Nevada,97293,24.595199,-49.2090795"
"Tracy Nelson,68,91633 Kristin Mountains Apt. 359,Crystalview,Ohio,23751,130.380289,-25.963051"
"Christine Lynch,40,18009 Thomas Forest,New Miranda,Texas,02002,-51.879595,-14.0990015"
"Tonya Ferrell,78,83339 Randolph Shore Suite 558,Lake Gerald,Oregon,85693,-158.841841,24.3227925"
"Zachary Simon,80,7347 Williams Crossroad Suite 046,North Lindaport,Mississippi,15871,153.419914,-4.1547625"
"Emily Casey,34,5766 Vincent Unions,Kyleview,New Mexico,63754,-126.146281,-23.4619455"
"Wayne Harris,71,59733 Victoria Locks,West Micheleside,West Virginia,88569,3.087988,-67.8995555"
"Nicholas Goodman,76,1588 Desiree Rue,Caseymouth,Oklahoma,51541,55.793515,51.0715815"
"Brenda Oneal,68,5838 Tiffany Forges,South Jennifermouth,Florida,83342,37.945977,89.4240025"
"Katherine Johnson,23,181 David Court,South Danielview,Washington,76054,-154.197498,79.916470"
"Amber Park,66,98648 Abbott Crossroad,West Andrew,Kentucky,71039,-8.644000,11.5236185"
"Andrea Harris,35,6474 John Fords,West Daniel,Oklahoma,19611,89.700805,69.830404"
"Mr. Jesse White,52,786 Maynard Extension Suite 069,New Lynn,New Hampshire,53204,177.393739,-65.226187"
"Alicia Lawson,18,0895 Martinez Squares Suite 556,Veronicafurt,Hawaii,32246,-119.563967,39.0487405"
"Matthew King,27,4146 Short Mission Apt. 824,Lukeview,Utah,69594,110.484000,69.4943355"
"Scott Ramirez,20,72750 Murray Isle Apt. 221,Matthewbury,Washington,81344,-34.971218,-39.6209065"
"Nicholas Smith,40,028 Smith Station,Lopezshire,Florida,51792,-82.939170,-38.405030"
"Margaret Hernandez,22,4932 Shelby Passage,North Dianemouth,South Carolina,93864,-92.043476,44.241591"
"Thomas Meyer,39,06461 Rebecca Island,Williamsonburgh,West Virginia,98020,-159.730994,1.0432865"
"Dr. Ashley Johnson MD,40,9112 Michael Station Apt. 408,Stephensonborough,New Jersey,91879,-26.086303,2.829955"
"Michael Mckee,52,570 Keith Parkways Suite 298,Port Mauricestad,Rhode Island,69112,147.175808,-21.4525395"
"Matthew Reed,72,35034 Ford Junction Suite 523,Annefurt,Washington,69986,29.172865,-15.743710"
"Cynthia Turner,27,1528 Flynn Fort Suite 458,West Gloria,Colorado,02164,129.115107,34.526195"
"Bryan Hardy,33,7052 Donald Oval,Stanleyshire,New Jersey,13865,107.075282,75.8180625"
"Stephen Hawkins,35,1327 Moore Ramp Suite 573,Port Thomastown,Rhode Island,76142,95.464986,78.269006"
"Shawn Brooks,30,269 Kimberly Estate Apt. 066,Port Ericaberg,Ohio,55620,0.694477,-64.8011895"
"Ronald Booker,34,0906 Tara Shores Apt. 487,Darrellville,South Dakota,64605,126.278995,-74.9173685"
"Autumn Johnson,37,8098 Garcia Port Suite 074,Lake Ronaldville,North Carolina,74755,-145.460578,-88.378679"
"Audrey Haynes,76,66602 Ashley Gateway,Griffinborough,North Carolina,36422,78.425903,-13.5908885"
"Monica Reynolds,40,3615 Knight Circles Apt. 025,West Tony,North Carolina,77117,33.079642,-1.5269735"
"Michele Hicks,31,479 Benton Divide Suite 095,Barrettmouth,Alabama,93369,-131.916802,-45.7567755"
"Leslie Harvey,27,3642 Price Square Apt. 163,New Bradleyfort,Minnesota,60894,37.420844,-1.689361"
"Justin Graham,27,322 Alexander Pike,Paulton,California,99621,146.153376,84.261829"
"Robin Ballard,77,0747 Walker Circles,New Joshua,Pennsylvania,14971,35.626013,33.0373305"
"Lori Mccormick,30,55844 Maldonado Viaduct Apt. 360,South Richardfurt,Tennessee,72370,-41.815776,36.301749"
"Chloe Thompson,22,47609 Michael Oval Suite 786,Brianmouth,California,17271,63.007226,-81.9115335"
"Renee Fisher,39,524 Joan Coves Suite 059,New Diane,Massachusetts,22417,79.753174,-10.903181"
"Jesse Lewis,22,9457 Ryan Mountain Apt. 414,Williamview,Tennessee,93717,-65.427236,49.2494755"
"Jessica Wagner,41,3658 Alex Place,Danielport,Pennsylvania,83752,118.002407,46.250944"
"Jennifer Gomez,74,681 Leon Expressway Apt. 241,Cynthiaview,Ohio,78273,16.487802,1.027908"
"Chelsea Green,35,9366 Gonzalez Vista Suite 782,Tammyfort,Wisconsin,96724,50.448192,11.265464"
"Colleen Olson,75,9885 Porter Expressway Apt. 917,Port Amandaberg,Wisconsin,33927,41.219036,16.626503"
"Jeffrey Lang,80,46257 Myers Pike Suite 180,Estradashire,Alaska,42702,73.491386,-42.106021"
"Erin Lewis,39,125 William Fort,Jessicaside,Nebraska,91983,-62.319058,-24.4446145"
"Sandra Villarreal,25,54942 Brady Mission Suite 418,East Kevinside,Delaware,11095,-156.429274,36.979981"
"Justin Williams,74,714 Andrew Estates Suite 395,South Robertside,South Dakota,42287,-12.259247,-8.591629"
"Kelsey Daniels,31,97357 Rodriguez Plains,Melissaport,Delaware,79735,-157.534180,-6.2802225"
"Kristen Gomez,42,7375 Timothy Terrace,East Savannah,Indiana,21534,-45.920882,-73.929501"
"Carla Barrett,59,717 Richard Extensions Suite 878,North Christineview,Washington,76469,-164.503457,-85.935880"
"Rachel Pena,65,264 Smith Dale,New Kenneth,Louisiana,91753,-46.149590,72.0421375"
"Dustin Wallace,70,9556 Johnson Hills Apt. 076,Michealstad,Texas,76181,-159.657827,8.900992"
"Anita Martin,37,68847 Gary Shore Suite 229,East Heatherside,Vermont,79477,23.182733,-78.520679"
"Amber Crawford,69,197 Savannah Square,Amandaport,Florida,13109,-41.058294,-36.932241"
"Erika Ellis,63,1676 Campbell Grove Apt. 017,Gregorybury,Texas,53613,55.233172,13.1368185"
"Nicholas Garza,79,696 Kim Parks,Port Jenniferland,Alaska,53629,-39.758364,-80.216461"
"Christopher Sullivan,64,03337 Max Mall,Annhaven,Ohio,89524,-89.475215,73.9214935"
"Willie Crosby,63,53278 Jessica Fall,East Veronicamouth,Delaware,24445,158.815521,64.5384825"
"Kathleen Schneider,45,351 Moss Crescent,Lake Alison,Iowa,01455,-59.422126,46.649695"
"John Mccoy,59,49280 Janice Wall Suite 193,Johnport,Utah,00832,-103.051380,-0.8627645"
"Miranda Chavez,44,83228 Taylor Parkways,East Mallory,Louisiana,47284,21.729282,4.8497785"
"Jason Tanner,25,126 Copeland Garden Apt. 442,East Michellestad,Nevada,31450,166.347566,-20.781068"
"Sarah Stewart,26,00509 Jose Keys Apt. 918,Amyborough,North Dakota,98116,45.942303,-64.541004"
"Jodi Lopez,57,5768 Bennett Mills,South Kristenshire,Virginia,18296,163.674424,76.526788"
"Shawn Mckenzie,67,86407 Michael Crossroad Apt. 214,Keithtown,California,27036,-18.437430,-8.827393"
"Tina Fox,58,716 Hardin Pass,Courtneymouth,Hawaii,62703,-4.381442,23.2134275"
"Terry Kline,37,8894 Samantha Highway,North Angela,Nebraska,68789,-45.770158,10.037146"
"Thomas Romero,65,82086 Barbara Locks,Scottchester,Kansas,77727,-160.599746,70.626709"
"Lauren Gilbert,75,9896 Connor Tunnel,Brucechester,Rhode Island,36951,54.256145,41.830319"
"Eric Wolfe,29,5593 Bell Parks Apt. 570,Jessicachester,Texas,31110,-158.800915,49.590196"
"Claudia Brown,47,4321 Melissa Pines,Reynoldstown,Florida,00578,100.079960,40.208326"
"Shannon Smith,55,5552 Harrell Glens Suite 690,Dawnborough,Arkansas,67703,17.089768,-85.019266"
"Tyler Combs,53,76190 Smith Harbors Suite 959,East Kelsey,Maryland,62609,117.083106,30.879588"
"Joseph May,70,566 Amber Turnpike Suite 076,Bowersfort,Indiana,09931,-80.917521,68.2603655"
"Gerald Kelley,21,7068 Miller Ranch Suite 559,Lake Donald,Kansas,30026,98.223311,39.7117065"
"Patricia Wang,43,14152 Alvarez Parkway,New Karaland,New York,36868,152.993284,23.362978"
"Tamara Anderson,64,056 Tami Brook,Monicaberg,Florida,46006,10.532294,-57.364296"
"Jessica Collins,32,443 Castro Lake,Jonesmouth,South Dakota,36780,74.545221,85.153809"
"Christopher Bryant,31,099 Elizabeth Bridge,Teresastad,Delaware,01693,148.515508,-87.370559"
"Donald Bishop,34,955 Whitehead Dam Apt. 126,Susanfurt,Georgia,15345,35.039168,-32.7681885"
"Melissa Wright,20,66465 Melissa Street Apt. 297,West Bethstad,Montana,87206,-174.551163,40.7955735"
"Eric Stephens,34,3430 Scott Street,Davisshire,Missouri,45599,-58.764103,-30.4063625"
"Amber Cooper,54,47084 Robert Walk,Phillipside,Virginia,58507,-29.146272,37.3330315"
"Jonathon Vasquez,30,38164 Amy Centers Suite 219,Hallburgh,Wyoming,32205,-39.983578,13.4874725"
"Jamie Mckinney,67,125 Kenneth Burgs,Jasonside,Vermont,95098,-63.134573,-25.428166"
"Brent Martinez,44,329 Ryan Plains Suite 183,Krystalview,Arizona,68251,-0.617881,-0.8034125"
"Dominique Wagner,77,937 Burton Green,Donaldborough,Nevada,15110,-121.674183,45.273824"
"Sabrina Robinson,65,4501 Henry Hill,Frankhaven,Ohio,68218,-115.690828,56.218897"
"Emily Robinson,71,296 Watson Meadow,Lake Timothystad,Indiana,65403,-99.917179,35.640597"
"Jennifer Andersen,42,43205 Salazar Corners,Ayalabury,Indiana,17543,-20.739237,-57.183368"
"Nathaniel Vaughan,28,079 James Turnpike,Tylerland,California,38984,-16.746878,-13.832536"
"John Poole,31,647 Ryan Drives,New Jessica,Vermont,81811,-171.931712,71.5541555"
"Jennifer Gibson,35,08394 Mitchell Light,Port Brianview,Nebraska,81854,63.602330,-76.656024"
"Valerie Joyce,40,841 George Island Suite 717,Port Kenneth,Pennsylvania,74364,-176.048207,67.5360685"
"Sheryl Baker MD,20,32511 Arroyo Loaf Apt. 528,East Brianmouth,Massachusetts,25461,94.879442,-37.0099285"
"Mark Lane,29,94272 Scott Street Apt. 528,Leefurt,Idaho,47171,43.118822,25.714060"
"Marilyn Ewing,23,39177 Potts Locks Suite 794,Lake Raymondmouth,North Dakota,86708,144.874017,16.2102745"
"Veronica Adams,36,13524 Gould Club Apt. 391,West Rogerview,Wisconsin,96671,-161.835372,-32.6930685"
"Bryan Yang,43,022 Ingram Shores Suite 552,Coreybury,Washington,88339,-140.973675,47.4097395"
"Misty Arnold,61,802 Davis Extension,North Charles,Pennsylvania,14785,75.397696,33.964186"
"Claudia Faulkner MD,64,40068 Wall Turnpike Apt. 860,Cochranside,Hawaii,81962,-78.743131,32.550166"
"William Marshall,28,890 Baker Forest Apt. 215,Longbury,Missouri,06444,-43.125245,-6.342123"
"Curtis Jackson,26,3582 Rodriguez Fields,Cindyton,Nevada,60045,-138.140327,6.931164"
"Christopher Cummings,43,3672 Eric Divide,East Pamelashire,Nebraska,07127,-2.504245,9.686075"
"David Conway,20,016 Castillo Parkways Apt. 381,New William,Illinois,95530,-139.058196,-1.579884"
"Linda Watts,35,94741 Garcia Street,Lake Nicoleside,Massachusetts,61689,-8.526150,19.0608365"
"Julie Lee DDS,25,2519 Flores Plaza Suite 516,Lloydchester,Oklahoma,80759,-110.684261,55.0715445"
"Marilyn Rios,76,21482 Ballard Island,Lake Micheleton,Texas,08078,-95.854945,-59.8430395"
"Jeanne Williams,75,2606 Anna Lock,Stephenshire,Iowa,17528,36.386998,-48.581250"
"Amanda Schroeder,52,123 Donald Loaf Apt. 509,Lake Erin,Hawaii,18344,-99.352681,-24.007020"
"Angelica Hampton,75,68496 Jeffrey Forks,Bryantmouth,Connecticut,09281,36.984859,80.5079995"
"Jeffery Harvey,62,08494 Emily Place,South Jasonstad,Alaska,57292,11.141427,42.716349"
"Alexander Estrada,44,4052 Chan Road,South Jackhaven,Oklahoma,57199,39.440849,-60.240690"
"Alexander Valenzuela,23,422 Jesse Passage Suite 007,Smithburgh,Alaska,59459,17.724282,85.725877"
"Jeffery Wyatt,25,1495 Nathaniel Viaduct Suite 051,South Eric,Montana,28484,-154.085918,22.0215125"
"Robert Lee,79,99184 James Ports Apt. 662,Millerton,West Virginia,65995,25.941302,13.6880435"
"Connor Mitchell,43,080 Jennifer Mountains,Whitetown,Utah,52592,-148.646661,89.710143"
"Justin Smith,65,3742 Morgan Squares Apt. 891,South Andrew,Oregon,43144,14.933840,-54.5178755"
"James Watkins,41,64716 Barnes Highway,East Meganview,Kentucky,92371,165.667207,30.6845175"
"Caitlin Brown,28,435 Austin Highway,West Debra,Ohio,73337,-147.812742,25.410889"
"Paul Kennedy,74,496 Wilson Forge,Bishopfurt,California,74043,-17.908410,26.072754"
"Amy Hayes,46,3545 Candace Avenue Suite 255,Brittanyport,Wyoming,68346,55.336960,28.7518515"
"Arthur Stewart,61,63241 Sullivan Creek Suite 225,Jeffreyfurt,Alaska,40062,173.328120,-69.719329"
"Peter Powell,25,2980 Smith Extension Suite 521,Meltonborough,North Carolina,15247,-134.176257,-19.4430565"
"Teresa Watson,39,1377 Duran Rapid,Lunafurt,Kentucky,04652,-132.386045,-89.799758"
"Luke Garza,18,913 Joseph Fort,West Craigstad,New Jersey,85092,50.862426,-62.2101245"
"Anna Cummings,61,2258 Joseph Avenue Apt. 404,Lake Zachary,Kansas,62494,19.442547,-63.9680495"
"Matthew Rodriguez,59,1837 David Passage,Jacksonton,Colorado,28869,-41.468275,-71.1480115"
"Leah Davies,78,833 Roberts Course Suite 133,Amychester,Virginia,84034,133.342860,-3.0870235"
"Devin Gray,62,660 Larry Harbors,East Ronaldmouth,Georgia,15815,-126.548962,-36.5655235"
"James Miller,62,91601 Vazquez Row,Hillstad,New Hampshire,53651,18.297452,-5.2291315"
"Jessica Houston,38,976 Donna Lakes,Byrdbury,Florida,55131,-72.946392,40.845213"
"Thomas Williams,41,3695 William Stravenue,South Kendraton,Idaho,47899,-29.833020,69.7341945"
"Kimberly Garcia,33,80629 Smith Drive Suite 817,Edwardston,New Jersey,17151,178.813382,16.670615"
"Edward Gray,18,499 Chen Greens Apt. 971,North Tammy,Maryland,61784,130.192854,49.456289"
"Timothy Baker,63,819 Johnson Parkways,South Cynthiaside,Ohio,66868,-94.625010,46.938442"
"Thomas Chan,66,7126 Michael Stravenue Apt. 931,Kelleytown,Montana,66148,154.905133,55.0745065"
"Steven Cole,25,1887 Alexander Courts Suite 013,Murphyberg,Mississippi,77538,-90.755093,-67.876558"
"Cindy Brooks,64,901 Jenny Extension,South Emily,Maryland,92945,134.832427,-79.5822625"
"Victor Hernandez,27,8087 Phillip Stream Suite 377,Williamsonborough,South Dakota,13022,-122.658508,56.643091"
"Jacqueline Sanders,74,8764 Brown Extensions,Wustad,Minnesota,99941,-159.809868,-5.4464485"
"Travis Mann,45,4833 Cheryl Corner,West Grant,Kansas,87766,-137.159610,-0.9359865"
"Rita Nguyen,64,5762 Yu Cliff Apt. 979,Lake Melindaville,North Carolina,05546,-26.925025,6.475808"
"Mark Hahn,48,950 Manuel Way,Sethmouth,Virginia,51969,153.088226,-68.011045"
"Jason Robinson,54,031 Lisa Cape Apt. 350,New Melissa,North Carolina,18400,-158.044138,-75.9366235"
"Laura Brennan,25,5101 Santos Crossing,New Elizabeth,Mississippi,95059,106.324444,58.0483025"
"Kim Shaw,27,815 Harris Cliff,Mooreberg,Alaska,23686,3.480065,6.8133465"
"Douglas Barrett,62,1579 Scott Causeway Apt. 733,New David,South Carolina,50685,-65.766914,-87.959256"
"Joanne Mendez,80,970 Teresa Manors,Cabreraport,Virginia,49339,-71.653154,-47.602502"
"Ashley Harris,48,3975 Mccall Hills,North Robinfurt,Mississippi,66351,-178.923635,5.522448"
"Brittany Farley,54,63432 Jessica Ways Apt. 185,Travisborough,Pennsylvania,73462,23.775604,-57.822804"
"Joy Alexander,70,41156 Gavin Falls,New Williamfurt,Alaska,61373,53.387906,86.7985955"
"Alexis Williams,67,6811 Rice Loop Apt. 063,South Taylor,Hawaii,87695,66.661828,58.083102"
"Amanda Williams,63,910 Lynch Fall Apt. 278,South Karenton,Colorado,48866,-77.405541,27.9843775"
"Jacob Barber,80,7540 Timothy Square,Nicholsonstad,Nebraska,22042,6.319169,82.5520125"
"Courtney Grant,21,621 Carter Alley,West Mikechester,Iowa,62396,150.245049,72.1411615"
"Autumn Lara,44,492 Colleen Island Apt. 216,Reginashire,Nebraska,93324,-129.039013,-70.968714"
"Ronald Hunter,72,40937 Alice Port Suite 789,Powellmouth,Kansas,97261,71.059089,-87.039885"
"Wesley Williams,70,0385 Jones Club Suite 416,Gabrielchester,South Dakota,27861,65.345399,39.354157"
"Catherine Carpenter,50,4724 Meagan Walk Suite 390,South Tamara,Virginia,92013,-70.092259,89.526426"
"Audrey Bell,59,50729 Jones Squares,Lake Mitchellfort,Ohio,22643,158.684248,-76.0021365"
"Mr. Bryan Park,44,9896 Rachel Mill Apt. 308,East Meganchester,Rhode Island,29937,18.811273,-14.4575905"
"Amanda Jordan,37,28835 Wendy Square,Benjaminville,Iowa,64017,87.637362,27.712125"
"Jose Gates,24,87114 Roberts Loaf Apt. 797,Port Ryan,Washington,98641,12.597859,-20.407714"
"Louis Buck,49,8645 Timothy Ports Suite 477,Lake Mikefurt,Florida,23333,-68.663193,-0.3952175"
"Joanna Johnson,45,472 James Rapids,Maryport,Washington,66275,-157.598791,-9.9170895"
"Joseph Gutierrez,20,99549 Ian Mill,Kristinchester,New Hampshire,13922,40.063264,0.828650"
"Mr. Christopher Jackson,29,96373 Coleman Shores Apt. 906,Michaelchester,Montana,25247,14.845945,-24.2521305"
"Tara Lopez,63,805 Mitchell Circles Suite 232,Lake Annemouth,Minnesota,06668,39.023183,-16.0280715"
"Alexander Holmes,47,68861 Stevens Points Apt. 963,Andreaberg,Massachusetts,87041,26.924507,-5.966838"
"Thomas Hansen,24,646 Robin Manors Apt. 742,New Ryanburgh,Hawaii,43355,107.179731,5.240163"
"Carrie Collins,78,903 Roberts Drive,Ryanmouth,Missouri,47338,-92.533636,13.7946555"
"Leslie Patterson,48,39603 Katherine Spur Apt. 952,East Robertoland,Illinois,79448,110.608800,-61.970955"
"Michelle Hanna,28,59680 Petersen Stream Apt. 651,New Stacie,Kentucky,03224,-22.595920,20.8687565"
"Lawrence Gates,36,426 Wyatt Fords Apt. 002,New Joseph,Illinois,24304,2.878743,84.4028515"
"Richard Cain,26,71060 Arias Ford Apt. 056,Johnchester,Idaho,23470,81.920875,-85.584883"
"John Edwards,42,4389 Dean Trafficway,South Isaac,Maryland,85026,9.287727,-70.5743715"
"Maria Fisher,80,6280 Lewis Route Apt. 115,Lake Jamie,Montana,18946,-147.603232,20.536278"
"Sarah Santiago DDS,38,533 Harvey Garden,Lake Ashleyview,Kansas,79939,123.704863,8.699035"
"Michael Crawford,29,347 Smith Glens Apt. 830,North Lori,Missouri,22713,-65.621397,6.2763105"
"Christine Green,43,38712 Palmer Roads Suite 741,New Miguel,Louisiana,27130,21.834747,-23.374820"
"Shannon Wheeler,54,5967 Alexander Isle Apt. 614,West Nicholas,Hawaii,73295,-137.283574,8.702951"
"Melissa Durham,29,66902 Nicholas Burgs Apt. 166,Port Lindsey,California,70242,-42.539857,35.6213725"
"Ann Conley,36,36495 Ferguson Circles,Kennethburgh,Texas,82680,73.160138,1.6669915"
"Maria Smith,73,516 Gonzalez Junction Apt. 694,West Elizabethtown,Louisiana,38329,95.502848,63.6777505"
"Victoria Green,47,935 Jennifer Garden,Angelaberg,Missouri,80305,-110.456000,-34.506401"
"Mary Richardson,26,1065 Jodi Fall,West Jennifermouth,Nevada,10280,-1.423016,76.434604"
"Michael Stanley,55,089 Espinoza Expressway Apt. 580,South Dana,Vermont,26143,-118.172031,-27.9882965"
"Colton Miller,44,111 Jimenez Divide Suite 706,Campbellmouth,Colorado,95045,-136.746493,-13.1164715"
"Margaret Harris,64,92399 Steven Plains Apt. 982,North Paula,Delaware,74012,-116.273184,-25.2117515"
"Nicholas Preston,67,97145 Mendoza Drives,North Christine,Wisconsin,28178,107.020519,38.4327035"
"Laura Cardenas,32,0192 Herrera Key,Brendashire,Montana,57252,150.765265,-84.124411"
"Joel Rosales,26,085 Turner Inlet Apt. 030,West Brookeland,Arizona,75534,12.309962,-63.1245705"
"Clinton Parks,19,54577 Megan Locks Suite 092,South Anthonyfort,Oregon,15916,-90.111148,26.3499345"
"Alexis Gray,22,5734 Stacey Knoll,Port Kathryn,California,93771,114.359349,-67.5614415"
"Phillip Collins,21,4094 Tara Crescent Apt. 527,Baileyburgh,Arkansas,07570,-155.774096,-33.637868"
"Patrick Edwards,21,1748 Darlene Way,East Samantha,Michigan,89809,-92.005155,-7.4328665"
"Charles Gilmore,41,3532 Evan Crossing Apt. 709,New Jason,South Dakota,78059,16.235173,71.3683055"
"Wesley Brown,25,62712 Jeremy Dale,Courtneyville,Maryland,71204,16.626411,-11.9124765"
"Anthony Parrish,64,95992 Cheryl Spur Apt. 747,East Samuelfurt,Vermont,36851,143.212437,-73.7490555"
"Nancy Ross,26,80146 Ruiz Square,Kimberlytown,Iowa,32571,69.456670,-53.0303665"
"Brad Smith,43,52667 Cruz Freeway Apt. 032,Lake Christyfurt,Georgia,89510,-127.112049,-46.988363"
"Jennifer Lamb,64,127 Smith Lodge Apt. 712,Davidberg,Michigan,07009,-99.594462,-36.5487995"
"Travis Garcia,49,601 Alicia Station,Rivasshire,Nebraska,92806,-88.102238,-43.2970905"
"Danielle Brown,66,8184 Brian Points Apt. 077,Juliaville,Oklahoma,54629,-7.554923,-80.7794095"
"Jennifer Baxter,63,818 Jeremiah Hill Suite 440,Brownbury,Mississippi,73755,98.491932,82.436251"
"Renee Hood,24,08039 Myers Summit Suite 522,Jessicafurt,Texas,47609,136.845398,-81.4020685"
"Nichole Welch,63,67951 Heidi Mission,Warnerborough,Wisconsin,74779,-34.680633,-80.115650"
"Brian Torres,79,479 Marie Forge Suite 688,Boltonmouth,New Jersey,70203,167.838789,47.0963425"
"Jason Kennedy,68,011 Miller Forge Apt. 069,Johnsonmouth,Florida,39705,112.188989,67.452913"
"Charles Cunningham,19,27199 Collins Freeway Apt. 711,Melaniefort,Montana,40427,125.230612,-81.0916205"
"Gary Glenn,59,13835 Wright Radial,Melaniefurt,Michigan,42900,141.419725,20.044450"
"Lindsay Turner,47,7133 Fuller Lock Suite 788,Douglasmouth,Georgia,67542,7.883107,73.452342"
"Joel Richards,78,286 Wanda Fork Apt. 759,East Staceyfort,Georgia,12419,-56.256509,83.830363"
"Melissa Whitehead,25,1203 David Ridge,East Ashley,Wisconsin,15310,134.114025,9.0008285"
"Krista Mason,62,744 Jenkins Trail Suite 306,Trujilloside,North Carolina,53090,-67.994670,64.1365545"
"Gerald Davis,78,406 Kenneth Ways Apt. 651,North Andres,Michigan,86428,74.022758,-0.985280"
"Brandon Farmer MD,64,3468 Rick Avenue,Joshuamouth,Delaware,98121,-90.925857,-70.6330475"
"Alexa Small,54,63338 Smith Camp,West Meganland,Texas,44072,102.285594,29.0621305"
"Joseph Ward,54,7742 Michelle Coves Apt. 700,Conniechester,Alaska,77940,-55.360002,84.881841"
"Seth Johns,36,82812 Mclean Grove Apt. 962,Codyfort,Connecticut,70681,-140.317280,-28.063785"
"Luis Baker,28,644 Jaime Forest,Holdentown,Arkansas,33632,128.890580,-65.4782005"
"Angela Rodriguez,51,704 Holloway Springs Suite 856,New Joseborough,Nebraska,08489,-109.926363,-80.7516795"
"Renee Hill,58,9242 Ellison Lane Apt. 058,West Patriciamouth,New Jersey,09816,-127.063503,36.6770125"
"Kelsey Cherry,66,739 Dylan Extensions,Danieltown,Montana,35355,143.451792,-62.1175655"
"Maria Smith,19,095 Martin Squares,Pennyfort,Maine,29846,123.810992,-27.2522515"
"Andre Harrison,71,070 Adkins Fields,Darrylland,Nebraska,42703,-179.917287,30.135778"
"Megan French,18,44305 Jo Mountain Apt. 001,Lake Brandonside,Maine,12897,-82.609640,79.0245815"
"Harry Hinton,57,33566 Daniel Vista Apt. 309,South Anthonyburgh,West Virginia,31104,-64.534967,29.8038035"
"Monique Costa,19,3631 Amanda Rapid,Bryantstad,California,70872,117.082681,-3.750815"
"Mary Garcia,48,47770 Atkinson Union Apt. 150,West Matthewfort,Colorado,90008,-65.338306,-14.3692405"
"Alexander Phillips,19,9387 Cox Ridges Apt. 831,West Alexanderport,Texas,89873,100.011884,79.8887305"
"Monica Burke,34,21408 Nathan Haven,Kelseyburgh,Colorado,18985,-10.615204,-52.902778"
"Steven Harper,57,04890 Williams View,North Mary,Kansas,74771,92.364122,-23.4493095"
"Dawn Hughes,21,624 Manuel Shoals,Lake Timothyport,Wisconsin,75023,160.272895,85.687984"
"Eric Avery,54,07492 Jennifer Underpass Apt. 354,North Jeffreychester,Louisiana,36714,-143.240361,1.360156"
"Amanda Evans,53,61625 Bradley Shore Apt. 260,East Thomaschester,Alabama,50938,70.050026,-48.3879965"
"Vickie Perez,64,909 Anna Neck Suite 052,Nelsonside,Washington,95246,85.759689,-33.710552"
"Matthew Walker,30,763 Miguel Highway Apt. 582,Michaelmouth,Hawaii,08738,128.137658,-34.3826955"
"Larry Williams,68,244 Neal Burg,Yoderland,Virginia,92161,-176.273501,12.9828905"
"Lorraine Avila,58,78132 Ortega Trace Apt. 543,Williamston,Pennsylvania,65065,-37.054938,-20.113814"
"Maria Miller DDS,63,737 Todd Unions Apt. 231,Kimview,Mississippi,88041,94.654242,60.0752585"
"Kimberly Matthews,61,4612 Steven Groves,Smithport,Colorado,88478,-127.690885,-15.5806815"
"Chelsea Benton,69,111 Kennedy Estates,New Theresatown,Arkansas,07767,116.631425,-51.1442425"
"Cynthia Andrews,59,28019 Garcia Mission,West Elizabethberg,Oregon,32339,56.367003,-64.4772625"
"Jesse Nguyen,61,466 Lam Mission Suite 554,Tarafort,Georgia,64559,-174.730075,-27.470702"
"David Harris,78,97077 April Station,Johnsonland,Louisiana,06581,65.882022,-60.061207"
"Heather Hess,61,685 Allen Lodge,Lake Anthony,Michigan,49504,-151.662087,-14.209612"
"Billy Long,20,85373 Mccormick Bypass,North Kennethshire,Georgia,68195,11.529732,80.354113"
"Christina Browning,46,81663 Jones Gardens,Ryanberg,Kentucky,28989,138.221185,-74.3870425"
"Roger Oneill,34,12621 Crawford Club Apt. 084,Dunlapfort,Vermont,51057,64.667245,-46.1064365"
"Steven Jacobson,22,469 Ferguson Estate Apt. 145,Port Megan,Minnesota,50411,-64.125788,78.8374725"
"Jessica Ortega,46,6970 Jones Place,New Christopher,Connecticut,84329,-106.458969,-31.1637985"
"Megan Rogers,79,44018 Howard Hollow,Sotomouth,Nevada,59650,168.120557,30.631929"
"Denise Cardenas,53,5121 Linda Inlet Apt. 960,South Jacquelineshire,North Carolina,58422,72.013219,57.1910945"
"Clifford Roberts,63,006 Jasmine Loaf Suite 414,North Martinmouth,Maryland,19758,67.454793,-3.657133"
"Jacob Hicks MD,30,4811 Page Rue Apt. 868,Youngstad,South Carolina,86104,71.048016,-0.2365645"
"Christine Miller,72,7541 Tran Forest,New Dan,Oregon,70289,42.977305,22.0683705"
"Andrea Thompson,78,732 Antonio Walks Suite 964,Hillshire,Iowa,81411,148.550794,-28.9599045"
"Courtney Mcgee,36,283 Barton Road,Kristenville,Rhode Island,27770,122.370752,56.104598"
"Andre David,41,4958 Graham Island,Martinezfurt,Kansas,30922,163.295843,-62.253988"
"Mark Miller,50,02750 Garrett Greens Apt. 707,Nicoleland,Maryland,99658,-149.208855,-64.2804575"
"Hannah Spencer,36,115 Michelle Mountain,North Dustin,Virginia,21933,41.784375,4.2303895"
"Patricia Howe,42,261 Theresa Alley,Johnsonfurt,Utah,20518,40.070526,-58.625509"
"Renee Ford,53,384 Garcia Bridge Suite 089,Lake Spencer,Alaska,34292,113.232295,-44.897058"
"Christopher Valdez,19,30722 Wright Squares Suite 797,South Paulabury,Ohio,11991,84.218160,8.805422"
"Amanda Lutz,45,18608 Patricia Locks,Woodton,Michigan,04804,82.199847,-13.704118"
"Matthew Floyd,28,825 Taylor Way,Josephborough,Oklahoma,97018,-10.675987,-0.8368775"
"Nathan Davis,45,2940 April Lights,Terrystad,Kansas,12018,135.780001,-51.5573565"
"Margaret Marshall,71,011 Joseph Crest,New Michaelchester,Wisconsin,08850,159.005914,5.2981915"
"Matthew Griffin,67,912 Bethany Fort Apt. 558,Andrewburgh,Virginia,49170,-132.156209,-20.5939845"
"Michael Rodriguez,27,296 Timothy Brook Suite 926,Johnsonton,Arkansas,25666,-76.132779,21.309210"
"Richard Stark,23,712 Garner Summit,Martinezbury,Nevada,97312,-132.083847,5.593953"
"Heather Perez,55,3262 Lee Union Apt. 850,North Justin,Indiana,67677,104.918878,-47.135248"
"Kristi Coleman,61,08315 Gonzalez Loop Apt. 820,Rebeccabury,Maine,80618,-94.667087,64.2914995"
"Joshua Berg,34,600 Kenneth Loop Suite 724,West Timothy,Pennsylvania,39491,-132.937651,-56.008127"
"Daniel Vega,77,20190 Reed Fields Suite 778,South Donald,Kansas,08064,169.535431,50.2807005"
"Pamela Knapp,37,20241 Montoya Pines Apt. 159,Garciachester,Rhode Island,05661,-134.958515,71.7095265"
"Jeffrey Haley,51,788 Brittany Camp,Geraldshire,Texas,20727,4.664653,66.502035"
"Jill Green,34,648 Kayla Landing,Hernandezberg,Florida,98874,137.524104,37.9039485"
"Ricky Vaughan,21,593 Amanda Field Suite 667,Port Dillon,Texas,96082,-17.251418,-51.3076725"
"Hannah Walsh,53,20275 Samuel Port Apt. 527,Jesseburgh,Wyoming,09933,-53.845040,26.1613075"
"Jose Newman MD,54,1247 Elliott Street Suite 712,South Jonathan,Hawaii,56460,159.335305,72.1844455"
"Kyle Jensen,32,1947 Cummings Estates Suite 870,North Cynthia,Kansas,68583,-161.018511,-79.5540085"
"Mariah Mitchell,60,387 Thompson Coves,South Justinmouth,Louisiana,02764,-80.693590,54.446541"
"Debra Walker,75,488 Warren Cove Suite 830,South Christinaview,Wisconsin,21511,167.849810,66.9364175"
"Jesse Park,72,9271 James Estate,Port Joseph,Delaware,31888,127.948145,-68.8739185"
"Richard Cline,32,300 Ronald Pike,North Jennifer,Nevada,43081,19.972174,56.364745"
"Kellie Lawrence,33,3459 John Prairie Apt. 629,Carlhaven,Wyoming,77585,106.933822,78.539033"
"John Cross,24,807 Garcia Drive,East Susanchester,Maryland,60725,-124.017536,33.6536385"
"William Jones,73,83606 Baird Forge,North Rachel,Connecticut,68333,-46.255670,5.389938"
"Reginald Williams,77,086 Mary Parkways,East Joseph,Washington,18174,-156.981633,1.7628325"
"Joseph Monroe,32,254 Michael Extension Apt. 935,East Christopherland,California,05665,-144.234356,-18.9918995"
"Anthony Snyder,25,85377 Kim Dale Apt. 043,West Lisa,Delaware,67124,65.572939,-27.4673585"
"Miguel Hickman,24,69779 Michael Branch Apt. 968,Tannerfort,Connecticut,62132,-65.037301,-77.2300605"
"Angela Boyd,43,7350 Thomas Unions,Port Josephton,Hawaii,35801,11.701089,-58.209759"
"William Bryant,67,2764 Lewis Locks Suite 004,Alexandertown,Arizona,13467,37.352679,49.823362"
"Steven Miller,19,95958 Wall Viaduct,Ronaldchester,Washington,49136,-151.586375,79.7391875"
"Susan Yates,26,584 Andrea Ville,West Adrianstad,Arizona,26581,-45.583772,-77.1949545"
"April Wood,35,14039 Williams Loop,South Toddhaven,Hawaii,00660,-23.934683,17.515668"
"Scott Ayers,63,4122 Allen Knoll,South Bethside,Idaho,59541,-99.994554,5.350102"
"Maria Clark,26,654 Potter Roads Suite 493,Hernandezbury,North Carolina,05298,23.814462,34.4287305"
"Jennifer Gonzalez,25,271 Lucas Light Apt. 878,Markmouth,Arizona,66534,-125.136983,-10.7329195"
"Joseph Figueroa,80,81953 Gomez Path Suite 537,South Erinport,Maryland,55807,-131.996942,-40.2455005"
"Sarah Morgan,31,018 Wong Walks,Nicholasmouth,Oregon,50821,-6.600931,-27.8956635"
"Mr. Ronald Higgins,74,5584 Thomas Keys,Port Ericaport,Montana,74419,167.688100,72.257385"
"Michael Williams,54,509 Miller Burgs,Jamesville,Mississippi,25709,-150.822349,32.029618"
"Melissa Williams,60,45104 Maria Stream Suite 058,Amytown,Colorado,46398,-45.719775,-21.062340"
"Erin West,74,08112 Yates Greens Suite 806,Davisport,New Mexico,17709,20.980241,44.0172135"
"Paula Brown,80,947 Cody Knoll,Butlerstad,Rhode Island,87253,-13.073478,-69.4334135"
"Patricia Ellis,47,3872 Kevin Mission,Josephmouth,Hawaii,75650,157.096659,-31.8808395"
"Anna Davis,65,744 Daniel Harbors Suite 439,Duncanside,Kansas,25492,101.708613,77.404066"
"Amanda Carter,47,34111 Roberts Villages,Hallstad,Nebraska,54949,12.255307,-73.3544265"
"Judy Yoder,24,0574 Rodriguez Plaza,Mcleanchester,New Jersey,75268,162.691625,-83.461396"
"Robert Simon,46,513 Kevin Landing,Wheelerton,Rhode Island,62092,83.159196,-36.413236"
"Sandra Lee,59,426 Thomas Extensions,Pamelatown,Georgia,21051,102.434034,27.826275"
"Anthony Williams,40,208 Huerta Spur,South Robertburgh,Massachusetts,31896,156.446268,-33.149428"
"Ronald Carter,43,681 Tracy Tunnel Apt. 265,South Wayne,Mississippi,81111,106.108670,22.185869"
"Courtney Warren,34,983 Jesse Radial,Port Karen,Nebraska,34905,-163.896081,-16.342899"
"Mark Kent Jr.,24,2631 Jones Lane,North Adam,Minnesota,82284,-54.291420,-7.645812"
"Dustin Norton,27,3714 Jennifer Brooks,East Richardberg,New York,65109,58.704780,-83.0465725"
"Eduardo Griffin,31,41672 Ryan Lodge,Louisshire,Kansas,19435,-162.997591,-65.941130"
"Joseph Becker,55,926 Brock Rest Suite 383,Leonardburgh,Idaho,73220,-31.820619,51.9981595"
"Heidi Perez,33,8617 Betty Cape Apt. 178,North Jasonfurt,Kansas,67451,-50.003229,1.7946255"
"Jasmine Huff,73,8625 Mata Neck,New Sarahberg,Pennsylvania,96652,-118.313815,39.527753"
"Julie Hamilton,70,670 Andrea Union,Port Ryanhaven,Wisconsin,66496,1.055348,25.5975455"
"Brian Hoffman,61,022 Leonard Ville Suite 382,Jennifermouth,Wyoming,70869,-105.081886,18.6539695"
"Mary Pierce PhD,56,785 Blake Park,North Ryanfurt,Montana,29675,67.129142,9.6717855"
"Mark Larson,41,18718 Miller River Suite 744,South Sherriburgh,Oklahoma,72459,-166.905975,51.882671"
"Stephen James,43,15876 Taylor Wells,Lauraport,New Mexico,02308,-78.230388,29.676309"
"Erika Nixon,58,28655 Lisa Common Suite 297,Petersonbury,Massachusetts,62931,144.388717,-82.708077"
"Jeffrey Davis,67,3974 Angela Coves Apt. 360,Port Charleschester,Kentucky,03800,134.111610,24.821896"
"Bernard Shepherd,74,0364 Lee Fields,New Michael,Missouri,16131,-71.175159,-26.512658"
"Justin Rosario,50,166 Antonio Stravenue,North Michelleland,Vermont,43718,117.885311,-82.264719"
"Scott Graham,54,0510 Mary Summit,Hendersonport,Pennsylvania,74717,108.561087,4.8675635"
"Jennifer Wallace,32,70960 Walker Radial Suite 662,Davidborough,Ohio,17641,-82.293134,-40.106668"
"Grant Armstrong,19,8069 Carroll Stravenue,Clarenceton,New Jersey,01520,102.338595,-7.0759355"
"Erin Parsons,58,91876 Michael Stravenue Suite 277,Riggsberg,Alaska,83931,34.900517,58.788595"
"Jordan Castro,28,7507 Sanchez Estate,New Tasha,Kentucky,21125,39.757349,48.1210305"
"Holly Jenkins,51,11540 Andrew Fields Apt. 264,Port Javier,Arkansas,66233,-170.009772,76.240874"
"Joseph Anderson,55,55091 Heather Drives Apt. 809,Billyborough,Michigan,79440,-129.166315,-23.600718"
"Paul Robertson,45,53258 Michelle Walks Suite 659,South Tanya,New Jersey,66425,-97.194483,-71.121005"
"Matthew Jones,36,3682 Sergio Harbor Apt. 943,Maryville,New Hampshire,72984,79.100917,-80.042848"
"Cynthia Andrews,37,52532 Brown Rapid Suite 324,Ianfort,Indiana,23419,141.907400,-83.946530"
"Jeremy Parsons,31,2158 Katherine Lights,Lake Jamie,Indiana,87740,-70.226996,-48.831439"
"Gregory Nelson,29,643 Brown Spring,Donnaborough,North Dakota,52361,56.560273,4.7598965"
"Christopher Ewing,70,620 Jimenez Field Apt. 406,Carrieberg,Nebraska,27455,-170.681815,14.127610"
"Rebecca Acevedo,21,267 Scott Tunnel,New Ashleyborough,Rhode Island,19140,10.063578,-35.6708755"
"Thomas Lynch,42,8859 Reed Ways Apt. 664,East Jessicamouth,Oklahoma,83053,51.720468,54.793833"
"Mrs. Karla Robinson MD,76,37016 Austin Cove Suite 705,Dennisburgh,Nevada,67504,119.303883,-20.2624895"
"Paul Parks,55,8048 Mueller Extensions,Marialand,Maryland,06811,16.105385,53.6489295"
"Cynthia Acosta,33,178 Harmon Squares Apt. 517,Shawnstad,Georgia,48964,130.646215,-21.6922695"
"Zachary Davis,26,34441 Kelly Viaduct,West Eric,Arkansas,09404,-173.241110,54.9696185"
"Christopher Gray,67,441 Shaffer Unions Apt. 251,Austinside,Illinois,70140,-17.021951,0.5930495"
"John Johnson,21,0966 Martin Stravenue,Lake Carlaton,Kansas,46795,-129.257607,-30.430058"
"Matthew Copeland,22,0388 Carol Tunnel,Christophershire,Vermont,84880,-153.716869,85.979407"
"Lynn Lopez,36,559 Foley Pines Apt. 308,Lake Morganmouth,Idaho,57171,51.629615,54.9811725"
"Courtney Mathews,51,5403 Howard Spring Apt. 558,North Elizabeth,New Hampshire,86171,147.442348,-14.662747"
"Shelly Allen,21,93579 Ramos Plaza,West Kimberly,Ohio,45360,-46.662054,26.4786265"
"Allen Moreno,25,11138 Garrett Underpass,Port Jasonville,Pennsylvania,68916,112.675048,-48.848580"
"Ronald Montgomery,33,26115 Gonzales Field Suite 053,North Jeremy,Indiana,98029,67.154750,67.2970345"
"Kelly King,22,291 Austin Loaf,Hoganview,Alabama,49700,-88.427521,-64.256547"
"Johnathan Martinez,63,65851 Diane Grove,Cookhaven,Pennsylvania,81629,-170.833387,-1.9231095"
"Angela Morton,72,10064 Holly Freeway Suite 390,Nelsontown,New York,89263,24.807718,-50.3146885"
"Alexandra Paul,80,5207 Weaver Route,North Logan,Maine,80428,162.783861,-56.7026255"
"Amanda Ingram,27,12037 Tommy Lane Suite 046,Lake Lori,Georgia,10019,63.953588,74.427244"
"Matthew Simpson,38,5921 Johnson Knolls Apt. 345,South Travistown,New Jersey,14112,79.369526,-5.702558"
"Melissa Hernandez,27,317 Jordan Ports Suite 292,Port Lauramouth,Massachusetts,21321,-35.536875,-41.091547"
"Christina Mclean,31,9105 Veronica Inlet Apt. 500,North Brittanyside,New Hampshire,09814,-163.435434,59.545679"
"William Smith,42,99969 Yolanda Manors,Coryton,Wisconsin,75111,134.906361,-2.466434"
"Debra Martinez,42,5958 Heather Station,West Pamela,Vermont,76437,-99.390417,-82.145613"
"Marcus Gonzalez,64,915 Amy Points Suite 889,Torreshaven,Pennsylvania,85499,-133.915263,52.2754535"
"Andrew Price,20,9176 Marc Ferry,Watkinshaven,Ohio,92467,-49.545585,49.758435"
"Ashley Bates,36,62532 Rowe Springs,Moorefort,New York,65564,99.100975,-79.5767565"
"Derek Carr,35,71287 Richard Port,Lake Vickietown,Maryland,68668,120.621145,-25.3278525"
"Stephen Lloyd,65,55228 Schwartz Mount,South James,Washington,75251,-50.696942,-35.404422"
"Michael Powell,60,2672 Joseph Ridge,Greenfurt,Colorado,89254,-98.647467,63.5486455"
"Wayne Rios,63,8453 Ayers Hollow,Barnettland,Hawaii,82984,97.444285,-37.863261"
"James Richmond,18,089 Paul Court Suite 625,Stephanietown,Kansas,74524,28.155792,-13.6188575"
"Michael Brandt,47,7405 Rojas Branch,Rachelfort,Indiana,30597,-62.675932,38.5424875"
"Nicole Hernandez,28,2339 Ashley Crescent,North Timothyton,Wyoming,31872,147.491989,-67.3048175"
"Jeremy Ramirez,55,182 Mann Springs Suite 868,Brookstown,Montana,11494,-171.939403,10.398542"
"Peter Huang,75,073 Joseph Courts Suite 533,Lake Garrett,Michigan,15151,75.520948,-43.434846"
"Julie Richardson,58,7886 Gary Street,Joshuaview,Nevada,20575,-135.503640,-12.5610775"
"Kelly Moore,49,72364 Melissa Union,Moralesborough,South Dakota,52578,12.916038,-77.3402585"
"Kimberly Bender,73,16859 Micheal Squares,Brianberg,Nevada,51911,98.846079,-79.4955715"
"Timothy Walls,64,311 Brenda Forest Apt. 842,Lake Manuelport,New Hampshire,71825,51.726373,-65.314684"
"Jimmy Rose,18,7525 Rojas Drive Suite 776,New Gabrielville,Hawaii,71215,176.004603,7.2169365"
"Mary Gomez,43,3389 Andrew Tunnel,West Thomas,North Dakota,44180,135.467788,-60.0130485"
"Angela Parks,36,91205 James Dam,Brownfurt,Nebraska,36215,149.575229,-39.2303875"
"Michael Cannon,49,761 Carson Brooks Apt. 504,Masonmouth,Louisiana,73676,136.542600,82.1156115"
"Samantha Carey,21,96982 Mcknight Ville,Richardland,Iowa,57558,-55.494905,75.000350"
"Jose Anthony,37,4041 Cody Corners Apt. 571,South Barbara,Minnesota,22222,-50.203466,-83.6964125"
"Peter Smith,76,052 Collins Mission Apt. 761,North Thomas,Florida,35721,76.432899,-47.740087"
"Andrew Russo,29,5138 Aaron Circles,South Brian,Idaho,49431,-62.168846,62.901410"
"Nicholas Lane,26,2404 Joyce Cape Suite 295,Lake Nicholas,Maryland,75472,122.084887,-75.587619"
"Jessica Smith,33,450 James View,West Bradley,Idaho,69410,129.450875,-45.6815845"
"Kenneth Martinez,80,50300 Clarence Mission,West Joseborough,Montana,03223,-137.540337,-25.3661455"
"Paul Baker,39,84550 Young Flat,Carriefurt,North Dakota,20280,97.690904,27.710122"
"Karen Nguyen,70,1674 Little Shoal,Russellshire,Idaho,95739,-35.817651,52.545950"
"Carlos Harris,66,6041 Short Gateway,Victoriamouth,Alaska,60910,-149.771210,-85.872429"
"Heather Anderson,41,74669 Douglas Meadow Apt. 167,New Donnashire,Illinois,40293,97.603561,82.659579"
"Austin Castaneda,63,77475 Ronald Views,New Patrick,Delaware,80509,-54.533240,-78.9701835"
"Jessica Jenkins,30,0465 Stacy Hills,West Jessicashire,Wyoming,91507,-19.837958,2.971970"
"Samuel Wright,64,0876 Whitney Divide Apt. 501,Taylorfort,Virginia,70478,-55.292964,-39.413451"
"Barbara Durham,32,89720 Steven Lane,Stephaniefurt,Georgia,93107,-156.566204,-84.7032645"
"Heather Osborn,80,486 Jones Rest,Davisstad,New Jersey,03205,-19.282805,9.7571575"
"Taylor Foster,72,21717 Oneal Lakes,Lake Amberstad,Alaska,58934,20.702332,-5.4439655"
"Katherine Thomas DDS,51,2770 Gonzales Walks,Port Bonnie,Minnesota,66071,143.687424,-41.7550845"
"Cheryl James,70,66989 Wilcox Branch Suite 251,Leeburgh,South Dakota,20750,-88.290178,44.424108"
"Amanda Cline,62,277 Stephens Ways Suite 608,Mcbridefort,North Carolina,07995,-177.980983,-48.5141585"
"Amy Harris,38,85233 Michael Camp,Port Roybury,Massachusetts,49151,-64.925640,48.6485315"
"Jessica Brown,56,7717 David Roads,Lake Marcmouth,California,85003,-58.873214,2.903440"
"Jessica Parker,78,076 Tricia Center,Valeriemouth,Georgia,73938,5.491131,88.039699"
"Kimberly Barber,74,964 Paul Cove,Richardborough,Ohio,95067,127.660945,74.183771"
"Jessica Crawford,72,011 Thomas Circle,Port Bruce,Connecticut,62632,9.316371,46.7226015"
"Gail Stevenson,53,27655 Long Corners,Lake Rogerfurt,Idaho,68838,-121.382605,-85.621622"
"Shane Brooks,69,90183 Victor Pines,Bennettmouth,Colorado,45556,-65.608286,-25.320259"
"Jacqueline Smith,64,9375 Patricia Rest,Hernandezhaven,Massachusetts,44773,32.022315,-13.995418"
"Kayla Smith,42,3089 Garcia Path Apt. 822,Lake Laura,Montana,19447,-75.725188,-79.1792585"
"John Santiago,22,6984 Nguyen Ways,East Kaylaton,Kansas,59979,-160.939476,-44.6429415"
"Jay Grant,65,18049 Sandra Brook,East Timothyshire,Pennsylvania,37690,35.000539,-46.5620785"
"Victor Jacobs,45,53350 Anthony Pines Suite 448,Kellerhaven,Tennessee,12452,50.979931,69.742134"
"Nicole Burnett,51,7849 Mark Harbors Apt. 832,Lake Dianachester,South Carolina,79187,70.533898,35.9436945"
"Adam Herrera,39,784 Campbell Estates,Port Teresaburgh,Wisconsin,62485,-1.639699,85.3088255"
"Sandra Armstrong MD,56,24956 Lewis Tunnel Apt. 040,Jenningsside,Wisconsin,66807,67.997383,-31.6172185"
"Tonya Hutchinson,34,06634 Clark Square,Patriciaborough,North Carolina,96093,25.943687,26.000885"
"Bruce Porter,34,658 Benjamin Avenue Apt. 948,Port Steven,Vermont,29760,-33.582286,52.638955"
"Daniel Rush,69,9755 Michael Parkway,Port Brookeborough,Pennsylvania,17110,-159.071761,57.688025"
"Joshua Marks,73,256 Gordon Parkway Apt. 156,Kingville,Missouri,36823,146.967408,-52.3813625"
"Dorothy Doyle,26,8951 Lopez Avenue Suite 992,Gouldshire,Nebraska,08691,6.577020,-67.6456395"
"Alexis Bradford,23,90026 Regina Terrace,Dwayneshire,North Dakota,74741,140.399122,-5.7968355"
"Joseph Roberson,45,17322 Wyatt Path,Dayhaven,New Mexico,14462,-14.975420,47.381000"
"Lori Williams,77,825 Johnson Manors,Sarahview,Nebraska,51409,-51.562145,-76.703763"
"Michelle Evans,64,61039 Jenkins Ridge Suite 460,Port Michael,Pennsylvania,05351,156.653062,-4.6895635"
"Shane Johnson,71,9999 Kevin Well,New Jasonchester,North Dakota,08629,48.222040,-10.622280"
"Elizabeth Sanchez,26,8171 Frye Coves Suite 289,Tommymouth,Illinois,49698,74.200511,-32.0768385"
"Tony King,58,0275 Barbara Underpass,Robertland,Montana,45589,15.025504,-79.313484"
"Joseph Curtis,30,64699 Sarah Estate,Samuelview,Illinois,43829,28.778578,53.495836"
"Tina Roberts,76,54731 Colin Place,North Colleenmouth,Tennessee,51085,75.626510,-82.9668315"
"Brandi Payne,26,6005 Tyler Trail Suite 652,New Michaelland,Missouri,87146,-59.852860,34.877142"
"Paul Escobar,54,4356 Estrada Village Apt. 188,Greeneside,Massachusetts,94483,-65.346256,64.987956"
"Sally Silva,30,076 Ashley Village Apt. 379,Edwardfurt,Missouri,93871,-111.467738,25.4859015"
"Brian Brown,61,3924 Morales Villages,Burchfort,Ohio,64436,-140.140137,-84.0015695"
"Angela Wright,18,8696 Lawrence Forges Suite 023,North Sherry,Alaska,31870,179.380371,-42.4986595"
"Andrew Williams,29,14894 Li Roads Apt. 877,Port Valeriemouth,New Mexico,92898,-166.040689,-20.5407355"
"Amy Barber,67,1736 Davila Throughway,Evansborough,Virginia,09365,-38.245023,76.374504"
"Stephanie Garner,45,2000 Barrett Crossroad,North Amy,Virginia,02937,6.449427,64.540574"
"Alexander Miller,74,728 Stephenson Roads,East Kathleenmouth,Maine,58530,42.603911,74.685621"
"Eddie Smith,74,19258 Crawford Summit,North Caitlinmouth,Mississippi,45955,-119.907198,-78.500569"
"Cindy Griffin,65,16050 Jennifer Flats,Stevenbury,California,08281,84.568754,4.441048"
"Jennifer Smith,21,349 Schwartz Mountains,Hessside,Louisiana,11542,55.411118,-18.597847"
"Aaron Gonzalez,78,606 Russell Landing,Port Elizabethborough,Illinois,52393,3.219515,-51.459564"
"Robert Morgan,28,12230 Robert Heights Suite 421,Damonshire,New Mexico,36860,28.061091,56.957207"
"Melinda Patton,68,890 Johnson Junctions Apt. 522,Gatesville,Missouri,47943,-131.345260,71.811314"
"Jamie Williams,46,6060 Linda Point,Susanberg,New Mexico,93072,-53.569773,-28.507889"
"Vicki Carter,79,16821 Young Inlet,Lake Jaredside,Missouri,82208,133.037781,-2.9135355"
"Jose Rice,67,76535 Garrison Path,Meganmouth,New Jersey,78903,-73.509923,39.232387"
"Brian Ruiz,75,409 Vincent Union Apt. 001,North Victoriachester,Maine,45999,-131.313087,-28.2384895"
"Pamela Flores,35,97791 Valenzuela Mount Suite 104,Port Lisa,Tennessee,70612,174.081384,-63.1246535"
"Julie Curry,79,8210 Morris Loaf,Oliviastad,Louisiana,64021,79.381834,61.312323"
"Alexis Castillo,70,636 Davis Lake Apt. 670,Willisfort,Arkansas,14777,74.435047,80.875529"
"Sarah May,44,87897 Smith Oval,Amandabury,Colorado,41216,137.498461,-5.512906"
"Sean Henry,54,6399 Dixon Junctions,Kyletown,Pennsylvania,30421,-101.579123,3.955128"
"Rebecca Webb,69,924 Elizabeth Stravenue Suite 909,South Lisaview,Maryland,65408,-132.221862,-79.828087"
"Douglas Blevins,64,94554 Franklin Knolls Apt. 493,Lake Kevin,Massachusetts,91788,60.693148,-57.3814365"
"Melissa Duran,40,33394 Jensen Hollow Apt. 086,Rodriguezberg,Utah,18519,62.142697,-31.7637135"
"Raymond Martin,62,7578 James Dam Apt. 665,South Isaiah,West Virginia,57088,89.116821,19.8136265"
"Micheal Mclean,19,572 Judith Street,East Danielburgh,Massachusetts,17356,-61.113714,37.648560"
"Kristin Chen,25,21330 Robert Landing,Patrickstad,Indiana,01743,-151.062257,-21.404515"
"Natalie Gonzales,20,1605 Adam Ridge Apt. 082,Sabrinaborough,Vermont,03878,94.369595,82.2240275"
"Matthew Camacho,45,1503 Steele Court Suite 098,West Toddton,Utah,14478,4.786655,21.1916525"
"Kathleen Sullivan,65,8287 Dennis Mountain Suite 293,West Edwardton,New Jersey,78781,-137.683913,-49.322021"
"Samantha Morgan,45,7979 Travis Garden Apt. 703,East Mark,Nebraska,94584,-40.872884,81.443283"
"Nicholas Velazquez,35,0911 Davis Fords Apt. 333,East Alyssa,Idaho,93667,172.346793,-48.906946"
"Jessica Bean,80,3027 Navarro Motorway,Stanleyfort,Mississippi,08698,152.761148,-36.0843615"
"Ian Parsons,46,697 Pierce Glens Suite 336,Walkerton,Georgia,13979,-29.719935,-9.895180"
"Micheal Dawson,49,1391 Morgan Radial,East Tamara,Iowa,61069,92.254577,-21.156295"
"Vanessa Buck,60,656 Grant Centers,Lake Jennifermouth,Texas,06502,-79.182302,55.223949"
"Scott Martin,37,505 Jill Well,Johnside,Illinois,16818,118.836106,65.437105"
"Gabriel Sweeney,62,8989 Lisa Garden,Melissabury,Iowa,61813,69.139273,-86.565184"
"Jonathan Sherman,29,089 Thomas Locks Apt. 101,New Dale,New York,10300,-97.523622,-67.244940"
"Tyler Clark,30,3927 Chandler Mountains,Laurenshire,New Hampshire,77275,-129.940797,-37.171978"
"Brent Greene,55,2986 Abigail Parks,Armstronghaven,Maryland,36408,-21.922632,-60.647314"
"Sean Smith,71,4973 Thomas Mountains,Stephaniemouth,Tennessee,19217,-92.835299,14.4069105"
"Gary Hill,25,10038 Perez Mission,Lake Gregoryfort,New Jersey,59425,153.453174,46.6367185"
"Jimmy Reed,73,755 Joshua Field,South Joestad,Georgia,80812,-60.591813,55.564822"
"Ryan Bennett,41,522 Moore Crescent Apt. 831,East Jacobmouth,South Dakota,83654,-1.755056,67.165099"
"Jennifer Lopez,73,096 Melissa Parkway,South Stephanie,Rhode Island,61982,102.595623,-59.634744"
"Rachel White,60,67232 Christopher Garden,Stewartborough,Kentucky,75870,66.484869,-88.3423715"
"Melanie Reeves,24,6153 Chad Route,Odonnellmouth,Alabama,91069,12.985836,-20.4317385"
"Megan Hill,48,722 Daniel Overpass Apt. 306,Port Tammyview,Indiana,53314,-13.257285,-8.445195"
"Barbara Mora,26,3534 Christensen Club,New Robertbury,Alabama,68789,-23.371048,70.1897725"
"Marilyn Tran,33,94106 Jessica Road,East Cynthia,Iowa,78108,-0.652616,-35.012580"
"Matthew Shelton,41,362 Smith Glens,Ramirezchester,Washington,75450,121.153410,-81.9815015"
"Mrs. Amanda Campbell,32,62987 Hart Crossroad,Danielsstad,California,64213,-63.942530,-83.055105"
"Denise Gray,27,8282 Werner Streets,South Thomas,Utah,20839,118.827456,-11.2234165"
"Diane Bush,21,309 Kramer Mountain,North Jesusville,Louisiana,54471,96.272418,30.619159"
"Dr. Kimberly Mccormick DVM,36,8892 Robin Extension,Port Robert,Vermont,61367,42.604414,-83.9566575"
"Todd Oconnell,62,7206 Beasley Mountain Suite 383,Wolffort,Hawaii,21017,145.305162,47.1687155"
"Regina Smith,61,016 Scott Forks,West Teresa,Oklahoma,50142,152.511100,-10.8037095"
"Nancy Ward,46,9625 Johnson Island,Jessicatown,Idaho,18995,77.805342,35.7794715"
"Douglas Snyder,60,12421 Leslie Wells,Gonzalezberg,New York,12546,-111.099453,-30.061764"
"Kimberly Lewis,56,6264 Carr Village,Gardnerton,Nebraska,81280,151.698118,38.5670005"
"Carlos Williams,25,47183 Gibbs Crossroad,Henryville,Alabama,49005,173.384466,67.769238"
"Joseph Lawrence,29,2331 Steven Parkways,North Samantha,Nevada,05957,-73.751325,52.7845745"
"Frederick Williamson,45,2475 Schmidt Islands Suite 326,Currymouth,Kentucky,13462,-115.772406,-62.3155945"
"Bianca Lin,79,74876 Taylor Cliffs,Gillespiefurt,Delaware,63543,-52.958601,-54.1758155"
"Dr. Samantha Jenkins,61,480 Kim Lake Suite 914,Websterside,Wyoming,36068,157.422209,-20.917412"
"Fred Henderson,80,7859 Hall Walk Apt. 822,Cooktown,Florida,73659,-121.561736,-80.9015835"
"Thomas Hughes,68,334 Amanda Fords,South Davidhaven,Arkansas,96295,-64.377632,83.504035"
"Austin Taylor,57,967 Scott Park,Port Annafurt,Colorado,02008,-89.778695,-41.0260495"
"Steven Gilmore,76,90440 Mcdowell Shoals Apt. 277,Cunninghammouth,Colorado,57110,46.456681,-21.265336"
"Ana Russell,52,765 Chambers Way,Ashleymouth,Florida,08826,19.210611,52.434851"
"Donna Rhodes,69,3625 Sarah Crossing,Leslieton,Minnesota,50427,132.884777,-58.9160825"
"Nicholas Ramos,71,0719 Angela Coves,Markside,Missouri,04122,79.823683,-27.096918"
"Rodney Espinoza,47,83701 Whitney Locks,East Cory,Wisconsin,05900,178.006835,16.3933085"
"William Graves,34,014 Jason Skyway Apt. 044,South Stevenmouth,Georgia,19408,149.535160,-70.270232"
"Laura Wood,57,6860 Burton Alley,West Joseph,Florida,70798,125.192654,56.2921815"
"Kelly Baldwin,22,4217 Merritt Ferry,East Tanner,Kansas,88998,-158.827117,6.2188625"
"Marissa Johnson,45,79998 Green Way,West Allisonmouth,Wisconsin,97979,-19.764550,-62.3233655"
"Tonya Davidson,56,16212 Torres Garden,Walkerberg,North Dakota,79859,-126.793994,81.500099"
"Nicholas Short,50,09386 Byrd Underpass,Johnberg,Mississippi,66006,-104.245432,-32.8672355"
"Donald Webb,51,13638 Lisa Drives,Stevenport,Ohio,69213,82.113033,26.8690875"
"Jamie Knight,66,24270 Rasmussen Ports,Erinland,Alaska,32425,-158.548750,-66.500828"
"Stacy Johnson,62,7394 Patricia Valleys,East Kellichester,California,79301,136.123261,-11.4245515"
"Brian Hernandez,45,56166 Autumn Creek,North Angela,Montana,07740,1.653520,-51.1951885"
"Robert Bowman,49,9688 Collins Ports Suite 668,Wrightmouth,New York,19148,119.817037,17.984545"
"Bryan Norton,48,118 Julie Ranch Suite 415,North Danielmouth,Oregon,19609,-97.414380,-14.971976"
"Brent Peters,30,29727 Barnes Forges,Adrianashire,Louisiana,81372,72.043766,-67.2819795"
"Haley Harper,57,11103 Veronica Run,South Bryan,Missouri,75274,34.719900,88.435433"
"David Jackson,80,374 Jacob Drives Suite 471,Lake Anthony,Rhode Island,76539,128.303064,88.5041755"
"Dr. Kelly Jones,79,92031 Jennifer Island Apt. 253,West Ericborough,Massachusetts,22656,109.261345,62.8749735"
"Mark Chavez,29,47644 Williamson Lane,Careymouth,Montana,72004,54.134224,67.7517215"
"Michelle Rodriguez,36,4945 Kelly Lake,Jaredstad,Virginia,11832,88.909993,65.0434525"
"Timothy Hall,26,2440 Joel Mall,Levinefurt,Missouri,57111,70.787669,45.3261925"
"John Terry MD,64,3435 Michael Union Suite 054,Rileychester,Oregon,40865,113.812284,-39.3199185"
"Scott Lewis,43,4055 Carter Drive,Lopezville,California,94086,-47.737049,16.4814755"
"Alison Rogers,62,907 Emily Mountain Suite 880,New Emilyberg,Oregon,04043,-31.248816,42.9433295"
"Teresa Stewart,59,5343 James Mountain Apt. 867,South Lisa,New Jersey,85738,-170.023693,0.839792"
"Kari Lloyd,57,8103 Cynthia Run,Walkerborough,Texas,57307,-72.409889,-55.7728005"
"Laura Reyes,49,25186 Kathryn Summit,East Antonio,Ohio,70307,-96.163389,38.2821455"
